solid OpenSCAD_Model
  facet normal 0 -1 0
    outer loop
      vertex 99.19999999999999 7.55 0
      vertex 102.6 7.55 3.9
      vertex 99.19999999999999 7.55 0.25
    endloop
  endfacet
  facet normal 0 -1 0
    outer loop
      vertex 99.19999999999999 7.55 0
      vertex 102.6 7.55 0
      vertex 102.6 7.55 3.9
    endloop
  endfacet
  facet normal 0.7000714109260645 -0.7140728391445718 4.288195306434361e-18
    outer loop
      vertex 102.6 7.55 0
      vertex 103.10999999999999 8.05 0.5
      vertex 103.10999999999999 8.05 3.4
    endloop
  endfacet
  facet normal 0 -1 0
    outer loop
      vertex 102.6 7.55 3.9
      vertex 99.19999999999999 7.55 3.9
      vertex 99.19999999999999 7.55 0.25
    endloop
  endfacet
  facet normal 0.7000714109260645 -0.7140728391445718 0
    outer loop
      vertex 102.6 7.55 0
      vertex 103.10999999999999 8.05 3.4
      vertex 102.6 7.55 3.9
    endloop
  endfacet
  facet normal 0 0 -1
    outer loop
      vertex 99.19999999999999 7.55 0
      vertex 102.6 17.35 0
      vertex 102.6 7.55 0
    endloop
  endfacet
  facet normal 0.700071410926064 0 -0.7140728391445723
    outer loop
      vertex 102.6 7.55 0
      vertex 103.10999999999999 16.85 0.5
      vertex 103.10999999999999 8.05 0.5
    endloop
  endfacet
  facet normal 1 0 0
    outer loop
      vertex 103.10999999999999 8.05 0.5
      vertex 103.10999999999999 16.85 0.5
      vertex 103.10999999999999 8.05 3.4
    endloop
  endfacet
  facet normal 0.7000714109260637 0 0.7140728391445724
    outer loop
      vertex 103.10999999999999 8.05 3.4
      vertex 102.6 17.35 3.9
      vertex 102.6 7.55 3.9
    endloop
  endfacet
  facet normal 0 0 1
    outer loop
      vertex 102.6 7.55 3.9
      vertex 99.19999999999999 16.933333333333334 3.9
      vertex 99.19999999999999 7.55 3.9
    endloop
  endfacet
  facet normal 0 0 -1
    outer loop
      vertex 99.19999999999999 7.55 0
      vertex 99.19999999999999 17.35 0
      vertex 102.6 17.35 0
    endloop
  endfacet
  facet normal 0.7000714109260637 0 -0.7140728391445723
    outer loop
      vertex 102.6 7.55 0
      vertex 102.6 17.35 0
      vertex 103.10999999999999 16.85 0.5
    endloop
  endfacet
  facet normal 1 0 0
    outer loop
      vertex 103.10999999999999 16.85 0.5
      vertex 103.10999999999999 16.85 3.4
      vertex 103.10999999999999 8.05 3.4
    endloop
  endfacet
  facet normal 0 1 0
    outer loop
      vertex 99.19999999999999 17.35 0
      vertex 99.19999999999999 17.35 0.25
      vertex 102.6 17.35 0
    endloop
  endfacet
  facet normal 0 1 0
    outer loop
      vertex 102.6 17.35 0
      vertex 99.19999999999999 17.35 0.25
      vertex 99.19999999999999 17.35 3.9
    endloop
  endfacet
  facet normal 0.7000714109260637 0.7140728391445723 0
    outer loop
      vertex 102.6 17.35 0
      vertex 102.6 17.35 3.9
      vertex 103.10999999999999 16.85 0.5
    endloop
  endfacet
  facet normal 0 1 0
    outer loop
      vertex 102.6 17.35 0
      vertex 99.19999999999999 17.35 3.9
      vertex 102.6 17.35 3.9
    endloop
  endfacet
  facet normal 0.7000714109260636 0.7140728391445722 0
    outer loop
      vertex 103.10999999999999 16.85 0.5
      vertex 102.6 17.35 3.9
      vertex 103.10999999999999 16.85 3.4
    endloop
  endfacet
  facet normal 0.7000714109260638 0 0.7140728391445724
    outer loop
      vertex 103.10999999999999 8.05 3.4
      vertex 103.10999999999999 16.85 3.4
      vertex 102.6 17.35 3.9
    endloop
  endfacet
  facet normal 0 0 1
    outer loop
      vertex 102.6 7.55 3.9
      vertex 99.19999999999999 17.35 3.9
      vertex 99.19999999999999 16.933333333333334 3.9
    endloop
  endfacet
  facet normal 0 0 1
    outer loop
      vertex 102.6 7.55 3.9
      vertex 102.6 17.35 3.9
      vertex 99.19999999999999 17.35 3.9
    endloop
  endfacet
  facet normal -0.7000714109260582 -0.7140728391445778 -4.288195306438131e-18
    outer loop
      vertex -3.4 7.55 0
      vertex -3.9099999999999997 8.05 3.4
      vertex -3.9099999999999997 8.05 0.5
    endloop
  endfacet
  facet normal 0 -1 0
    outer loop
      vertex -3.4 7.55 0
      vertex 0 7.55 0
      vertex -3.4 7.55 3.9
    endloop
  endfacet
  facet normal 0 -1 0
    outer loop
      vertex 0 7.55 0
      vertex 0 7.55 0.25
      vertex -3.4 7.55 3.9
    endloop
  endfacet
  facet normal -0.7000714109260582 -0.7140728391445779 0
    outer loop
      vertex -3.4 7.55 0
      vertex -3.4 7.55 3.9
      vertex -3.9099999999999997 8.05 3.4
    endloop
  endfacet
  facet normal 0 -1 0
    outer loop
      vertex -3.4 7.55 3.9
      vertex 0 7.55 0.25
      vertex 0 7.55 3.9
    endloop
  endfacet
  facet normal -0.7000714109260576 0 -0.7140728391445783
    outer loop
      vertex -3.4 7.55 0
      vertex -3.9099999999999997 8.05 0.5
      vertex -3.9099999999999997 16.85 0.5
    endloop
  endfacet
  facet normal 0 0 -1
    outer loop
      vertex -3.4 7.55 0
      vertex -3.4 17.35 0
      vertex 0 7.55 0
    endloop
  endfacet
  facet normal -1 0 0
    outer loop
      vertex -3.9099999999999997 8.05 0.5
      vertex -3.9099999999999997 8.05 3.4
      vertex -3.9099999999999997 16.85 0.5
    endloop
  endfacet
  facet normal -0.7000714109260575 0 0.7140728391445784
    outer loop
      vertex -3.9099999999999997 8.05 3.4
      vertex -3.4 7.55 3.9
      vertex -3.4 17.35 3.9
    endloop
  endfacet
  facet normal 0 0 1
    outer loop
      vertex -3.4 7.55 3.9
      vertex 0 7.55 3.9
      vertex 0 16.933333333333334 3.9
    endloop
  endfacet
  facet normal -0.7000714109260575 0 -0.7140728391445784
    outer loop
      vertex -3.4 7.55 0
      vertex -3.9099999999999997 16.85 0.5
      vertex -3.4 17.35 0
    endloop
  endfacet
  facet normal 0 0 -1
    outer loop
      vertex 0 7.55 0
      vertex -3.4 17.35 0
      vertex 0 17.35 0
    endloop
  endfacet
  facet normal -1 0 0
    outer loop
      vertex -3.9099999999999997 16.85 0.5
      vertex -3.9099999999999997 8.05 3.4
      vertex -3.9099999999999997 16.85 3.4
    endloop
  endfacet
  facet normal 0 1 0
    outer loop
      vertex -3.4 17.35 0
      vertex 0 17.35 0.24999999999999997
      vertex 0 17.35 0
    endloop
  endfacet
  facet normal -0.7000714109260576 0.7140728391445785 0
    outer loop
      vertex -3.4 17.35 0
      vertex -3.9099999999999997 16.85 0.5
      vertex -3.4 17.35 3.9
    endloop
  endfacet
  facet normal 0 1 0
    outer loop
      vertex -3.4 17.35 0
      vertex 0 17.35 3.9
      vertex 0 17.35 0.24999999999999997
    endloop
  endfacet
  facet normal -0.7000714109260575 0.7140728391445784 0
    outer loop
      vertex -3.9099999999999997 16.85 0.5
      vertex -3.9099999999999997 16.85 3.4
      vertex -3.4 17.35 3.9
    endloop
  endfacet
  facet normal 0 1 0
    outer loop
      vertex -3.4 17.35 0
      vertex -3.4 17.35 3.9
      vertex 0 17.35 3.9
    endloop
  endfacet
  facet normal -0.7000714109260576 0 0.7140728391445784
    outer loop
      vertex -3.9099999999999997 8.05 3.4
      vertex -3.4 17.35 3.9
      vertex -3.9099999999999997 16.85 3.4
    endloop
  endfacet
  facet normal 0 0 1
    outer loop
      vertex -3.4 7.55 3.9
      vertex 0 17.35 3.9
      vertex -3.4 17.35 3.9
    endloop
  endfacet
  facet normal 0 0 1
    outer loop
      vertex -3.4 7.55 3.9
      vertex 0 16.933333333333334 3.9
      vertex 0 17.35 3.9
    endloop
  endfacet
  facet normal 0 -1 0
    outer loop
      vertex 99.19999999999999 32.949999999999996 0
      vertex 102.6 32.949999999999996 3.9
      vertex 99.19999999999999 32.949999999999996 0.25
    endloop
  endfacet
  facet normal 0 -1 0
    outer loop
      vertex 99.19999999999999 32.949999999999996 0
      vertex 102.6 32.949999999999996 0
      vertex 102.6 32.949999999999996 3.9
    endloop
  endfacet
  facet normal 0.7000714109260636 -0.7140728391445722 0
    outer loop
      vertex 102.6 32.949999999999996 0
      vertex 103.10999999999999 33.449999999999996 0.5
      vertex 103.10999999999999 33.449999999999996 3.4
    endloop
  endfacet
  facet normal 0 -1 0
    outer loop
      vertex 102.6 32.949999999999996 3.9
      vertex 99.19999999999999 32.949999999999996 3.9
      vertex 99.19999999999999 32.949999999999996 0.25
    endloop
  endfacet
  facet normal 0.7000714109260637 -0.7140728391445723 0
    outer loop
      vertex 102.6 32.949999999999996 0
      vertex 103.10999999999999 33.449999999999996 3.4
      vertex 102.6 32.949999999999996 3.9
    endloop
  endfacet
  facet normal 0 0 -1
    outer loop
      vertex 99.19999999999999 32.949999999999996 0
      vertex 102.6 42.75 0
      vertex 102.6 32.949999999999996 0
    endloop
  endfacet
  facet normal 0.7000714109260638 0 -0.7140728391445723
    outer loop
      vertex 102.6 32.949999999999996 0
      vertex 103.10999999999999 42.25 0.5
      vertex 103.10999999999999 33.449999999999996 0.5
    endloop
  endfacet
  facet normal 1 0 0
    outer loop
      vertex 103.10999999999999 33.449999999999996 0.5
      vertex 103.10999999999999 42.25 0.5
      vertex 103.10999999999999 33.449999999999996 3.4
    endloop
  endfacet
  facet normal 0 0 1
    outer loop
      vertex 102.6 32.949999999999996 3.9
      vertex 99.19999999999999 33.86666666666667 3.9
      vertex 99.19999999999999 32.949999999999996 3.9
    endloop
  endfacet
  facet normal 0.7000714109260638 0 0.7140728391445724
    outer loop
      vertex 103.10999999999999 33.449999999999996 3.4
      vertex 102.6 42.75 3.9
      vertex 102.6 32.949999999999996 3.9
    endloop
  endfacet
  facet normal 0 0 1
    outer loop
      vertex 102.6 32.949999999999996 3.9
      vertex 99.19999999999999 42.75 3.9
      vertex 99.19999999999999 33.86666666666667 3.9
    endloop
  endfacet
  facet normal 0 0 -1
    outer loop
      vertex 99.19999999999999 32.949999999999996 0
      vertex 99.19999999999999 42.75 0
      vertex 102.6 42.75 0
    endloop
  endfacet
  facet normal 0.7000714109260638 0 -0.7140728391445724
    outer loop
      vertex 102.6 32.949999999999996 0
      vertex 102.6 42.75 0
      vertex 103.10999999999999 42.25 0.5
    endloop
  endfacet
  facet normal 1 0 0
    outer loop
      vertex 103.10999999999999 42.25 0.5
      vertex 103.10999999999999 42.25 3.4
      vertex 103.10999999999999 33.449999999999996 3.4
    endloop
  endfacet
  facet normal 0 1 0
    outer loop
      vertex 99.19999999999999 42.75 0
      vertex 99.19999999999999 42.75 0.25
      vertex 102.6 42.75 0
    endloop
  endfacet
  facet normal 0 1 0
    outer loop
      vertex 102.6 42.75 0
      vertex 99.19999999999999 42.75 0.25
      vertex 99.19999999999999 42.75 3.9
    endloop
  endfacet
  facet normal 0.7000714109260637 0.7140728391445723 0
    outer loop
      vertex 102.6 42.75 0
      vertex 102.6 42.75 3.9
      vertex 103.10999999999999 42.25 0.5
    endloop
  endfacet
  facet normal 0 1 0
    outer loop
      vertex 102.6 42.75 0
      vertex 99.19999999999999 42.75 3.9
      vertex 102.6 42.75 3.9
    endloop
  endfacet
  facet normal 0.7000714109260636 0.7140728391445722 0
    outer loop
      vertex 103.10999999999999 42.25 0.5
      vertex 102.6 42.75 3.9
      vertex 103.10999999999999 42.25 3.4
    endloop
  endfacet
  facet normal 0.7000714109260638 0 0.7140728391445723
    outer loop
      vertex 103.10999999999999 33.449999999999996 3.4
      vertex 103.10999999999999 42.25 3.4
      vertex 102.6 42.75 3.9
    endloop
  endfacet
  facet normal 0 0 1
    outer loop
      vertex 102.6 32.949999999999996 3.9
      vertex 102.6 42.75 3.9
      vertex 99.19999999999999 42.75 3.9
    endloop
  endfacet
  facet normal -0.7000714109260575 -0.7140728391445784 0
    outer loop
      vertex -3.4 32.949999999999996 0
      vertex -3.9099999999999997 33.449999999999996 3.4
      vertex -3.9099999999999997 33.449999999999996 0.5
    endloop
  endfacet
  facet normal 0 -1 0
    outer loop
      vertex -3.4 32.949999999999996 0
      vertex 0 32.949999999999996 0
      vertex -3.4 32.949999999999996 3.9
    endloop
  endfacet
  facet normal 0 -1 0
    outer loop
      vertex 0 32.949999999999996 0
      vertex 0 32.949999999999996 0.25
      vertex -3.4 32.949999999999996 3.9
    endloop
  endfacet
  facet normal -0.7000714109260576 -0.7140728391445785 0
    outer loop
      vertex -3.4 32.949999999999996 0
      vertex -3.4 32.949999999999996 3.9
      vertex -3.9099999999999997 33.449999999999996 3.4
    endloop
  endfacet
  facet normal 0 -1 0
    outer loop
      vertex -3.4 32.949999999999996 3.9
      vertex 0 32.949999999999996 0.25
      vertex 0 32.949999999999996 3.9
    endloop
  endfacet
  facet normal -0.7000714109260575 0 -0.7140728391445784
    outer loop
      vertex -3.4 32.949999999999996 0
      vertex -3.9099999999999997 33.449999999999996 0.5
      vertex -3.9099999999999997 42.25 0.5
    endloop
  endfacet
  facet normal 0 0 -1
    outer loop
      vertex -3.4 32.949999999999996 0
      vertex -3.4 42.75 0
      vertex 0 32.949999999999996 0
    endloop
  endfacet
  facet normal -1 0 0
    outer loop
      vertex -3.9099999999999997 33.449999999999996 0.5
      vertex -3.9099999999999997 33.449999999999996 3.4
      vertex -3.9099999999999997 42.25 0.5
    endloop
  endfacet
  facet normal 0 0 1
    outer loop
      vertex -3.4 32.949999999999996 3.9
      vertex 0 32.949999999999996 3.9
      vertex 0 33.86666666666667 3.9
    endloop
  endfacet
  facet normal -0.7000714109260576 0 0.7140728391445785
    outer loop
      vertex -3.9099999999999997 33.449999999999996 3.4
      vertex -3.4 32.949999999999996 3.9
      vertex -3.4 42.75 3.9
    endloop
  endfacet
  facet normal 0 0 1
    outer loop
      vertex -3.4 32.949999999999996 3.9
      vertex 0 33.86666666666667 3.9
      vertex 0 42.75 3.9
    endloop
  endfacet
  facet normal -0.7000714109260576 0 -0.7140728391445785
    outer loop
      vertex -3.4 32.949999999999996 0
      vertex -3.9099999999999997 42.25 0.5
      vertex -3.4 42.75 0
    endloop
  endfacet
  facet normal 0 0 -1
    outer loop
      vertex 0 32.949999999999996 0
      vertex -3.4 42.75 0
      vertex 0 42.75 0
    endloop
  endfacet
  facet normal -1 0 0
    outer loop
      vertex -3.9099999999999997 42.25 0.5
      vertex -3.9099999999999997 33.449999999999996 3.4
      vertex -3.9099999999999997 42.25 3.4
    endloop
  endfacet
  facet normal 0 1 0
    outer loop
      vertex -3.4 42.75 0
      vertex 0 42.75 0.24999999999999997
      vertex 0 42.75 0
    endloop
  endfacet
  facet normal -0.7000714109260576 0.7140728391445785 0
    outer loop
      vertex -3.4 42.75 0
      vertex -3.9099999999999997 42.25 0.5
      vertex -3.4 42.75 3.9
    endloop
  endfacet
  facet normal 0 1 0
    outer loop
      vertex -3.4 42.75 0
      vertex 0 42.75 3.9
      vertex 0 42.75 0.24999999999999997
    endloop
  endfacet
  facet normal -0.7000714109260575 0.7140728391445784 0
    outer loop
      vertex -3.9099999999999997 42.25 0.5
      vertex -3.9099999999999997 42.25 3.4
      vertex -3.4 42.75 3.9
    endloop
  endfacet
  facet normal 0 1 0
    outer loop
      vertex -3.4 42.75 0
      vertex -3.4 42.75 3.9
      vertex 0 42.75 3.9
    endloop
  endfacet
  facet normal -0.7000714109260575 0 0.7140728391445784
    outer loop
      vertex -3.9099999999999997 33.449999999999996 3.4
      vertex -3.4 42.75 3.9
      vertex -3.9099999999999997 42.25 3.4
    endloop
  endfacet
  facet normal 0 0 1
    outer loop
      vertex -3.4 32.949999999999996 3.9
      vertex 0 42.75 3.9
      vertex -3.4 42.75 3.9
    endloop
  endfacet
  facet normal -1 0 0
    outer loop
      vertex 0 0 0
      vertex 0 0 0.24999999999999997
      vertex 0 7.55 0
    endloop
  endfacet
  facet normal -1 0 0
    outer loop
      vertex 0 0 0.24999999999999997
      vertex 0 7.55 0.25
      vertex 0 7.55 0
    endloop
  endfacet
  facet normal -1 0 0
    outer loop
      vertex 0 17.35 0
      vertex 0 17.35 0.24999999999999997
      vertex 0 32.949999999999996 0
    endloop
  endfacet
  facet normal 0 -1 0
    outer loop
      vertex 0 0 0
      vertex 99.19999999999999 0 0.24999999999999997
      vertex 0 0 0.24999999999999997
    endloop
  endfacet
  facet normal 0 -3.676235180878002e-18 1
    outer loop
      vertex 0 0 0.24999999999999997
      vertex 99.19999999999999 0 0.24999999999999997
      vertex 0 7.55 0.25
    endloop
  endfacet
  facet normal 2.797941090285173e-19 0 1
    outer loop
      vertex 0 7.55 0.25
      vertex 99.19999999999999 0 0.24999999999999997
      vertex 0 16.933333333333334 0.25
    endloop
  endfacet
  facet normal 1.1650626699947428e-17 6.661338147750919e-17 1
    outer loop
      vertex 0 17.35 0.24999999999999997
      vertex 0 16.933333333333334 0.25
      vertex 99.19999999999999 0 0.24999999999999997
    endloop
  endfacet
  facet normal 0 0 1
    outer loop
      vertex 0 17.35 0.24999999999999997
      vertex 99.19999999999999 0 0.24999999999999997
      vertex 0 32.949999999999996 0.24999999999999997
    endloop
  endfacet
  facet normal 0 0 -1
    outer loop
      vertex 0 0 0
      vertex 0 7.55 0
      vertex 99.19999999999999 49.599999999999994 0
    endloop
  endfacet
  facet normal -1.0057326428170469e-17 -3.027880976250411e-17 1
    outer loop
      vertex 0 32.949999999999996 0.24999999999999997
      vertex 99.19999999999999 0 0.24999999999999997
      vertex 0 33.86666666666667 0.25
    endloop
  endfacet
  facet normal 0 0 -1
    outer loop
      vertex 0 7.55 0
      vertex 0 17.35 0
      vertex 99.19999999999999 49.599999999999994 0
    endloop
  endfacet
  facet normal -1 0 0
    outer loop
      vertex 0 17.35 0.24999999999999997
      vertex 0 32.949999999999996 0.25
      vertex 0 32.949999999999996 0
    endloop
  endfacet
  facet normal -1 0 0
    outer loop
      vertex 0 42.75 0
      vertex 0 42.75 0.24999999999999997
      vertex 0 49.599999999999994 0
    endloop
  endfacet
  facet normal -1 0 0
    outer loop
      vertex 0 42.75 0.24999999999999997
      vertex 0 49.599999999999994 0.24999999999999997
      vertex 0 49.599999999999994 0
    endloop
  endfacet
  facet normal 1.3464763408220392e-18 3.124455041158977e-18 1
    outer loop
      vertex 0 42.75 0.24999999999999997
      vertex 0 33.86666666666667 0.25
      vertex 99.19999999999999 0 0.24999999999999997
    endloop
  endfacet
  facet normal 0 0 1
    outer loop
      vertex 0 42.75 0.24999999999999997
      vertex 99.19999999999999 0 0.24999999999999997
      vertex 0 49.599999999999994 0.24999999999999997
    endloop
  endfacet
  facet normal 0 0 -1
    outer loop
      vertex 0 17.35 0
      vertex 0 32.949999999999996 0
      vertex 99.19999999999999 49.599999999999994 0
    endloop
  endfacet
  facet normal 0 0 -1
    outer loop
      vertex 0 32.949999999999996 0
      vertex 0 42.75 0
      vertex 99.19999999999999 49.599999999999994 0
    endloop
  endfacet
  facet normal 0 0 -1
    outer loop
      vertex 0 42.75 0
      vertex 0 49.599999999999994 0
      vertex 99.19999999999999 49.599999999999994 0
    endloop
  endfacet
  facet normal 0 1 0
    outer loop
      vertex 0 49.599999999999994 0
      vertex 0 49.599999999999994 0.24999999999999997
      vertex 99.19999999999999 49.599999999999994 0
    endloop
  endfacet
  facet normal 0 -1 0
    outer loop
      vertex 0 0 0
      vertex 99.19999999999999 0 0
      vertex 99.19999999999999 0 0.24999999999999997
    endloop
  endfacet
  facet normal 0 0 -1
    outer loop
      vertex 0 0 0
      vertex 99.19999999999999 7.55 0
      vertex 99.19999999999999 0 0
    endloop
  endfacet
  facet normal 0 0 -1
    outer loop
      vertex 0 0 0
      vertex 99.19999999999999 17.35 0
      vertex 99.19999999999999 7.55 0
    endloop
  endfacet
  facet normal 0 0 -1
    outer loop
      vertex 0 0 0
      vertex 99.19999999999999 32.949999999999996 0
      vertex 99.19999999999999 17.35 0
    endloop
  endfacet
  facet normal -1.838117590439002e-18 -3.676235180878004e-18 1
    outer loop
      vertex 0 49.599999999999994 0.24999999999999997
      vertex 99.19999999999999 0 0.24999999999999997
      vertex 99.19999999999999 7.55 0.25
    endloop
  endfacet
  facet normal -2.797941090285173e-19 0 1
    outer loop
      vertex 99.19999999999999 7.55 0.25
      vertex 99.19999999999999 16.933333333333334 0.25
      vertex 0 49.599999999999994 0.24999999999999997
    endloop
  endfacet
  facet normal 0 0 -1
    outer loop
      vertex 0 0 0
      vertex 99.19999999999999 42.75 0
      vertex 99.19999999999999 32.949999999999996 0
    endloop
  endfacet
  facet normal 1 0 0
    outer loop
      vertex 99.19999999999999 0 0
      vertex 99.19999999999999 7.55 0.25
      vertex 99.19999999999999 0 0.24999999999999997
    endloop
  endfacet
  facet normal 1 0 0
    outer loop
      vertex 99.19999999999999 0 0
      vertex 99.19999999999999 7.55 0
      vertex 99.19999999999999 7.55 0.25
    endloop
  endfacet
  facet normal 1 0 0
    outer loop
      vertex 99.19999999999999 17.35 0
      vertex 99.19999999999999 32.949999999999996 0.25
      vertex 99.19999999999999 17.35 0.25
    endloop
  endfacet
  facet normal -2.797941090285179e-19 0 1
    outer loop
      vertex 0 49.599999999999994 0.24999999999999997
      vertex 99.19999999999999 16.933333333333334 0.25
      vertex 99.19999999999999 17.35 0.25
    endloop
  endfacet
  facet normal 0 0 -1
    outer loop
      vertex 0 0 0
      vertex 99.19999999999999 49.599999999999994 0
      vertex 99.19999999999999 42.75 0
    endloop
  endfacet
  facet normal -2.797941090285173e-19 0 1
    outer loop
      vertex 0 49.599999999999994 0.24999999999999997
      vertex 99.19999999999999 17.35 0.25
      vertex 99.19999999999999 32.949999999999996 0.25
    endloop
  endfacet
  facet normal -2.797941090285173e-19 0 1
    outer loop
      vertex 99.19999999999999 32.949999999999996 0.25
      vertex 99.19999999999999 33.86666666666667 0.25
      vertex 0 49.599999999999994 0.24999999999999997
    endloop
  endfacet
  facet normal -2.7979410902851727e-19 0 1
    outer loop
      vertex 0 49.599999999999994 0.24999999999999997
      vertex 99.19999999999999 33.86666666666667 0.25
      vertex 99.19999999999999 42.75 0.25
    endloop
  endfacet
  facet normal 0 4.0519088489969244e-18 1
    outer loop
      vertex 0 49.599999999999994 0.24999999999999997
      vertex 99.19999999999999 42.75 0.25
      vertex 99.19999999999999 49.599999999999994 0.24999999999999997
    endloop
  endfacet
  facet normal 0 1 0
    outer loop
      vertex 0 49.599999999999994 0.24999999999999997
      vertex 99.19999999999999 49.599999999999994 0.24999999999999997
      vertex 99.19999999999999 49.599999999999994 0
    endloop
  endfacet
  facet normal 1 0 0
    outer loop
      vertex 99.19999999999999 17.35 0
      vertex 99.19999999999999 32.949999999999996 0
      vertex 99.19999999999999 32.949999999999996 0.25
    endloop
  endfacet
  facet normal 1 0 0
    outer loop
      vertex 99.19999999999999 42.75 0
      vertex 99.19999999999999 49.599999999999994 0.24999999999999997
      vertex 99.19999999999999 42.75 0.25
    endloop
  endfacet
  facet normal 1 0 0
    outer loop
      vertex 99.19999999999999 42.75 0
      vertex 99.19999999999999 49.599999999999994 0
      vertex 99.19999999999999 49.599999999999994 0.24999999999999997
    endloop
  endfacet
  facet normal 0 0 1
    outer loop
      vertex 89.2202157638146 39.083333333333336 16.25
      vertex 89.2202157638146 45.583333333333336 16.25
      vertex 87.34382738894831 42.333333333333336 16.25
    endloop
  endfacet
  facet normal 0 0 1
    outer loop
      vertex 89.2202157638146 39.083333333333336 16.25
      vertex 92.97299251354715 39.083333333333336 16.25
      vertex 92.97299251354715 45.583333333333336 16.25
    endloop
  endfacet
  facet normal 0 1 0
    outer loop
      vertex 89.2202157638146 39.083333333333336 16.25
      vertex 91.32160413868087 39.083333333333336 17.75
      vertex 92.97299251354715 39.083333333333336 16.25
    endloop
  endfacet
  facet normal 0 1 0
    outer loop
      vertex 89.2202157638146 39.083333333333336 16.25
      vertex 90.91457531494652 39.083333333333336 17.75
      vertex 91.32160413868087 39.083333333333336 17.75
    endloop
  endfacet
  facet normal 0 0 1
    outer loop
      vertex 89.2202157638146 39.083333333333336 16.25
      vertex 92.97299251354715 45.583333333333336 16.25
      vertex 89.2202157638146 45.583333333333336 16.25
    endloop
  endfacet
  facet normal 0 0 1
    outer loop
      vertex 92.97299251354715 39.083333333333336 16.25
      vertex 94.84938088841344 42.333333333333336 16.25
      vertex 92.97299251354715 45.583333333333336 16.25
    endloop
  endfacet
  facet normal 0 -1 0
    outer loop
      vertex 89.2202157638146 45.583333333333336 16.25
      vertex 92.97299251354715 45.583333333333336 16.25
      vertex 91.32160413868087 45.583333333333336 17.75
    endloop
  endfacet
  facet normal 0 -1 0
    outer loop
      vertex 89.2202157638146 45.583333333333336 16.25
      vertex 91.32160413868087 45.583333333333336 17.75
      vertex 90.91457531494652 45.583333333333336 17.75
    endloop
  endfacet
  facet normal 0.866025403784439 0.4999999999999994 0
    outer loop
      vertex 89.2202157638146 39.083333333333336 16.25
      vertex 87.34382738894831 42.333333333333336 16.25
      vertex 87.34382738894831 42.333333333333336 24.25
    endloop
  endfacet
  facet normal 0.866025403784439 0.4999999999999994 0
    outer loop
      vertex 89.2202157638146 39.083333333333336 16.25
      vertex 87.34382738894831 42.333333333333336 24.25
      vertex 89.2202157638146 39.083333333333336 24.25
    endloop
  endfacet
  facet normal 0.866025403784439 -0.4999999999999994 0
    outer loop
      vertex 87.34382738894831 42.333333333333336 16.25
      vertex 89.2202157638146 45.583333333333336 24.25
      vertex 87.34382738894831 42.333333333333336 24.25
    endloop
  endfacet
  facet normal 0.866025403784439 -0.4999999999999994 0
    outer loop
      vertex 87.34382738894831 42.333333333333336 16.25
      vertex 89.2202157638146 45.583333333333336 16.25
      vertex 89.2202157638146 45.583333333333336 24.25
    endloop
  endfacet
  facet normal 0 1 0
    outer loop
      vertex 89.2202157638146 39.083333333333336 16.25
      vertex 90.91457531494652 39.083333333333336 22.75
      vertex 90.91457531494652 39.083333333333336 17.75
    endloop
  endfacet
  facet normal 0 1 0
    outer loop
      vertex 92.97299251354715 39.083333333333336 16.25
      vertex 91.32160413868087 39.083333333333336 17.75
      vertex 92.97299251354715 39.083333333333336 24.25
    endloop
  endfacet
  facet normal -0.866025403784439 0.4999999999999994 0
    outer loop
      vertex 92.97299251354715 39.083333333333336 16.25
      vertex 92.97299251354715 39.083333333333336 24.25
      vertex 94.84938088841344 42.333333333333336 16.25
    endloop
  endfacet
  facet normal 0 1 0
    outer loop
      vertex 89.2202157638146 39.083333333333336 16.25
      vertex 89.2202157638146 39.083333333333336 24.25
      vertex 90.91457531494652 39.083333333333336 22.75
    endloop
  endfacet
  facet normal -0.866025403784439 -0.4999999999999994 0
    outer loop
      vertex 94.84938088841344 42.333333333333336 16.25
      vertex 94.84938088841344 42.333333333333336 24.25
      vertex 92.97299251354715 45.583333333333336 16.25
    endloop
  endfacet
  facet normal 0 1 0
    outer loop
      vertex 91.32160413868087 39.083333333333336 17.75
      vertex 91.32160413868087 39.083333333333336 22.75
      vertex 92.97299251354715 39.083333333333336 24.25
    endloop
  endfacet
  facet normal -0.866025403784439 0.4999999999999994 0
    outer loop
      vertex 94.84938088841344 42.333333333333336 16.25
      vertex 92.97299251354715 39.083333333333336 24.25
      vertex 94.84938088841344 42.333333333333336 24.25
    endloop
  endfacet
  facet normal 0 1 0
    outer loop
      vertex 89.2202157638146 39.083333333333336 24.25
      vertex 91.32160413868087 39.083333333333336 22.75
      vertex 90.91457531494652 39.083333333333336 22.75
    endloop
  endfacet
  facet normal 0 1 0
    outer loop
      vertex 89.2202157638146 39.083333333333336 24.25
      vertex 92.97299251354715 39.083333333333336 24.25
      vertex 91.32160413868087 39.083333333333336 22.75
    endloop
  endfacet
  facet normal 0 -1 0
    outer loop
      vertex 92.97299251354715 45.583333333333336 16.25
      vertex 91.32160413868087 45.583333333333336 22.75
      vertex 91.32160413868087 45.583333333333336 17.75
    endloop
  endfacet
  facet normal 0 -1 0
    outer loop
      vertex 89.2202157638146 45.583333333333336 16.25
      vertex 90.91457531494652 45.583333333333336 17.75
      vertex 89.2202157638146 45.583333333333336 24.25
    endloop
  endfacet
  facet normal 0 -1 0
    outer loop
      vertex 92.97299251354715 45.583333333333336 16.25
      vertex 92.97299251354715 45.583333333333336 24.25
      vertex 91.32160413868087 45.583333333333336 22.75
    endloop
  endfacet
  facet normal 0 -1 0
    outer loop
      vertex 90.91457531494652 45.583333333333336 17.75
      vertex 90.91457531494652 45.583333333333336 22.75
      vertex 89.2202157638146 45.583333333333336 24.25
    endloop
  endfacet
  facet normal -0.866025403784439 -0.4999999999999994 0
    outer loop
      vertex 92.97299251354715 45.583333333333336 16.25
      vertex 94.84938088841344 42.333333333333336 24.25
      vertex 92.97299251354715 45.583333333333336 24.25
    endloop
  endfacet
  facet normal 0 -1 0
    outer loop
      vertex 90.91457531494652 45.583333333333336 22.75
      vertex 91.32160413868087 45.583333333333336 22.75
      vertex 92.97299251354715 45.583333333333336 24.25
    endloop
  endfacet
  facet normal 0 -1 0
    outer loop
      vertex 89.2202157638146 45.583333333333336 24.25
      vertex 90.91457531494652 45.583333333333336 22.75
      vertex 92.97299251354715 45.583333333333336 24.25
    endloop
  endfacet
  facet normal 0.866025403784439 0.4999999999999994 0
    outer loop
      vertex 77.36404315276292 39.083333333333336 16.25
      vertex 75.48765477789664 42.333333333333336 16.25
      vertex 75.48765477789664 42.333333333333336 24.25
    endloop
  endfacet
  facet normal 0.866025403784439 -0.4999999999999994 0
    outer loop
      vertex 75.48765477789664 42.333333333333336 16.25
      vertex 77.36404315276292 45.583333333333336 24.25
      vertex 75.48765477789664 42.333333333333336 24.25
    endloop
  endfacet
  facet normal 0 0 1
    outer loop
      vertex 77.36404315276292 39.083333333333336 16.25
      vertex 81.11681990249548 39.083333333333336 16.25
      vertex 81.11681990249548 45.583333333333336 16.25
    endloop
  endfacet
  facet normal 0 1 0
    outer loop
      vertex 77.36404315276292 39.083333333333336 16.25
      vertex 79.46543152762919 39.083333333333336 17.75
      vertex 81.11681990249548 39.083333333333336 16.25
    endloop
  endfacet
  facet normal 0 1 0
    outer loop
      vertex 77.36404315276292 39.083333333333336 16.25
      vertex 79.05840270389484 39.083333333333336 17.75
      vertex 79.46543152762919 39.083333333333336 17.75
    endloop
  endfacet
  facet normal 0 0 1
    outer loop
      vertex 77.36404315276292 39.083333333333336 16.25
      vertex 77.36404315276292 45.583333333333336 16.25
      vertex 75.48765477789664 42.333333333333336 16.25
    endloop
  endfacet
  facet normal 0 0 1
    outer loop
      vertex 77.36404315276292 39.083333333333336 16.25
      vertex 81.11681990249548 45.583333333333336 16.25
      vertex 77.36404315276292 45.583333333333336 16.25
    endloop
  endfacet
  facet normal 0 0 1
    outer loop
      vertex 81.11681990249548 39.083333333333336 16.25
      vertex 82.99320827736176 42.333333333333336 16.25
      vertex 81.11681990249548 45.583333333333336 16.25
    endloop
  endfacet
  facet normal 0 -1 0
    outer loop
      vertex 77.36404315276292 45.583333333333336 16.25
      vertex 81.11681990249548 45.583333333333336 16.25
      vertex 79.46543152762919 45.583333333333336 17.75
    endloop
  endfacet
  facet normal 0 -1 0
    outer loop
      vertex 77.36404315276292 45.583333333333336 16.25
      vertex 79.46543152762919 45.583333333333336 17.75
      vertex 79.05840270389484 45.583333333333336 17.75
    endloop
  endfacet
  facet normal 0 1 0
    outer loop
      vertex 77.36404315276292 39.083333333333336 16.25
      vertex 79.05840270389484 39.083333333333336 22.75
      vertex 79.05840270389484 39.083333333333336 17.75
    endloop
  endfacet
  facet normal 0 1 0
    outer loop
      vertex 79.46543152762919 39.083333333333336 17.75
      vertex 81.11681990249548 39.083333333333336 24.25
      vertex 81.11681990249548 39.083333333333336 16.25
    endloop
  endfacet
  facet normal -0.866025403784439 0.4999999999999994 0
    outer loop
      vertex 81.11681990249548 39.083333333333336 16.25
      vertex 81.11681990249548 39.083333333333336 24.25
      vertex 82.99320827736176 42.333333333333336 16.25
    endloop
  endfacet
  facet normal 0 1 0
    outer loop
      vertex 77.36404315276292 39.083333333333336 16.25
      vertex 77.36404315276292 39.083333333333336 24.25
      vertex 79.05840270389484 39.083333333333336 22.75
    endloop
  endfacet
  facet normal -0.866025403784439 -0.4999999999999994 0
    outer loop
      vertex 82.99320827736176 42.333333333333336 16.25
      vertex 82.99320827736176 42.333333333333336 24.25
      vertex 81.11681990249548 45.583333333333336 16.25
    endloop
  endfacet
  facet normal 0.866025403784439 0.4999999999999994 0
    outer loop
      vertex 77.36404315276292 39.083333333333336 16.25
      vertex 75.48765477789664 42.333333333333336 24.25
      vertex 77.36404315276292 39.083333333333336 24.25
    endloop
  endfacet
  facet normal 0 1 0
    outer loop
      vertex 79.46543152762919 39.083333333333336 17.75
      vertex 79.46543152762919 39.083333333333336 22.75
      vertex 81.11681990249548 39.083333333333336 24.25
    endloop
  endfacet
  facet normal -0.866025403784439 0.4999999999999994 0
    outer loop
      vertex 82.99320827736176 42.333333333333336 16.25
      vertex 81.11681990249548 39.083333333333336 24.25
      vertex 82.99320827736176 42.333333333333336 24.25
    endloop
  endfacet
  facet normal 0 1 0
    outer loop
      vertex 77.36404315276292 39.083333333333336 24.25
      vertex 79.46543152762919 39.083333333333336 22.75
      vertex 79.05840270389484 39.083333333333336 22.75
    endloop
  endfacet
  facet normal 0 1 0
    outer loop
      vertex 77.36404315276292 39.083333333333336 24.25
      vertex 81.11681990249548 39.083333333333336 24.25
      vertex 79.46543152762919 39.083333333333336 22.75
    endloop
  endfacet
  facet normal 0.866025403784439 -0.4999999999999994 0
    outer loop
      vertex 75.48765477789664 42.333333333333336 16.25
      vertex 77.36404315276292 45.583333333333336 16.25
      vertex 77.36404315276292 45.583333333333336 24.25
    endloop
  endfacet
  facet normal 0 -1 0
    outer loop
      vertex 77.36404315276292 45.583333333333336 16.25
      vertex 79.05840270389484 45.583333333333336 17.75
      vertex 77.36404315276292 45.583333333333336 24.25
    endloop
  endfacet
  facet normal 0 -1 0
    outer loop
      vertex 79.46543152762919 45.583333333333336 17.75
      vertex 81.11681990249548 45.583333333333336 16.25
      vertex 79.46543152762919 45.583333333333336 22.75
    endloop
  endfacet
  facet normal 0 -1 0
    outer loop
      vertex 81.11681990249548 45.583333333333336 16.25
      vertex 81.11681990249548 45.583333333333336 24.25
      vertex 79.46543152762919 45.583333333333336 22.75
    endloop
  endfacet
  facet normal 0 -1 0
    outer loop
      vertex 79.05840270389484 45.583333333333336 17.75
      vertex 79.05840270389484 45.583333333333336 22.75
      vertex 77.36404315276292 45.583333333333336 24.25
    endloop
  endfacet
  facet normal -0.866025403784439 -0.4999999999999994 0
    outer loop
      vertex 81.11681990249548 45.583333333333336 16.25
      vertex 82.99320827736176 42.333333333333336 24.25
      vertex 81.11681990249548 45.583333333333336 24.25
    endloop
  endfacet
  facet normal 0 -1 0
    outer loop
      vertex 77.36404315276292 45.583333333333336 24.25
      vertex 79.05840270389484 45.583333333333336 22.75
      vertex 81.11681990249548 45.583333333333336 24.25
    endloop
  endfacet
  facet normal 0 -1 0
    outer loop
      vertex 79.05840270389484 45.583333333333336 22.75
      vertex 79.46543152762919 45.583333333333336 22.75
      vertex 81.11681990249548 45.583333333333336 24.25
    endloop
  endfacet
  facet normal 0 0 1
    outer loop
      vertex 65.50787054171123 39.083333333333336 16.25
      vertex 69.26064729144379 39.083333333333336 16.25
      vertex 69.26064729144379 45.583333333333336 16.25
    endloop
  endfacet
  facet normal 0 1 0
    outer loop
      vertex 65.50787054171123 39.083333333333336 16.25
      vertex 67.6092589165775 39.083333333333336 17.75
      vertex 69.26064729144379 39.083333333333336 16.25
    endloop
  endfacet
  facet normal 0 1 0
    outer loop
      vertex 65.50787054171123 39.083333333333336 16.25
      vertex 67.20223009284315 39.083333333333336 17.75
      vertex 67.6092589165775 39.083333333333336 17.75
    endloop
  endfacet
  facet normal 0 0 1
    outer loop
      vertex 65.50787054171123 39.083333333333336 16.25
      vertex 65.50787054171123 45.583333333333336 16.25
      vertex 63.63148216684494 42.333333333333336 16.25
    endloop
  endfacet
  facet normal 0 0 1
    outer loop
      vertex 65.50787054171123 39.083333333333336 16.25
      vertex 69.26064729144379 45.583333333333336 16.25
      vertex 65.50787054171123 45.583333333333336 16.25
    endloop
  endfacet
  facet normal 0 0 1
    outer loop
      vertex 69.26064729144379 39.083333333333336 16.25
      vertex 71.13703566631007 42.333333333333336 16.25
      vertex 69.26064729144379 45.583333333333336 16.25
    endloop
  endfacet
  facet normal 0 -1 0
    outer loop
      vertex 65.50787054171123 45.583333333333336 16.25
      vertex 69.26064729144379 45.583333333333336 16.25
      vertex 67.6092589165775 45.583333333333336 17.75
    endloop
  endfacet
  facet normal 0 -1 0
    outer loop
      vertex 65.50787054171123 45.583333333333336 16.25
      vertex 67.6092589165775 45.583333333333336 17.75
      vertex 67.20223009284315 45.583333333333336 17.75
    endloop
  endfacet
  facet normal 0.8660254037844383 0.5000000000000008 0
    outer loop
      vertex 65.50787054171123 39.083333333333336 16.25
      vertex 63.63148216684494 42.333333333333336 16.25
      vertex 63.63148216684494 42.333333333333336 24.25
    endloop
  endfacet
  facet normal 0 1 0
    outer loop
      vertex 65.50787054171123 39.083333333333336 16.25
      vertex 67.20223009284315 39.083333333333336 22.75
      vertex 67.20223009284315 39.083333333333336 17.75
    endloop
  endfacet
  facet normal 0 1 0
    outer loop
      vertex 67.6092589165775 39.083333333333336 17.75
      vertex 69.26064729144379 39.083333333333336 24.25
      vertex 69.26064729144379 39.083333333333336 16.25
    endloop
  endfacet
  facet normal 0 1 0
    outer loop
      vertex 65.50787054171123 39.083333333333336 16.25
      vertex 65.50787054171123 39.083333333333336 24.25
      vertex 67.20223009284315 39.083333333333336 22.75
    endloop
  endfacet
  facet normal -0.866025403784439 0.4999999999999994 0
    outer loop
      vertex 69.26064729144379 39.083333333333336 16.25
      vertex 69.26064729144379 39.083333333333336 24.25
      vertex 71.13703566631007 42.333333333333336 16.25
    endloop
  endfacet
  facet normal -0.866025403784439 -0.4999999999999994 0
    outer loop
      vertex 71.13703566631007 42.333333333333336 16.25
      vertex 71.13703566631007 42.333333333333336 24.25
      vertex 69.26064729144379 45.583333333333336 16.25
    endloop
  endfacet
  facet normal 0.8660254037844383 0.5000000000000008 0
    outer loop
      vertex 65.50787054171123 39.083333333333336 16.25
      vertex 63.63148216684494 42.333333333333336 24.25
      vertex 65.50787054171123 39.083333333333336 24.25
    endloop
  endfacet
  facet normal 0 1 0
    outer loop
      vertex 67.6092589165775 39.083333333333336 17.75
      vertex 67.6092589165775 39.083333333333336 22.75
      vertex 69.26064729144379 39.083333333333336 24.25
    endloop
  endfacet
  facet normal 0 1 0
    outer loop
      vertex 67.20223009284315 39.083333333333336 22.75
      vertex 65.50787054171123 39.083333333333336 24.25
      vertex 67.6092589165775 39.083333333333336 22.75
    endloop
  endfacet
  facet normal 0 1 0
    outer loop
      vertex 67.6092589165775 39.083333333333336 22.75
      vertex 65.50787054171123 39.083333333333336 24.25
      vertex 69.26064729144379 39.083333333333336 24.25
    endloop
  endfacet
  facet normal 0.8660254037844383 -0.5000000000000008 0
    outer loop
      vertex 63.63148216684494 42.333333333333336 16.25
      vertex 65.50787054171123 45.583333333333336 24.25
      vertex 63.63148216684494 42.333333333333336 24.25
    endloop
  endfacet
  facet normal -0.866025403784439 0.4999999999999994 0
    outer loop
      vertex 71.13703566631007 42.333333333333336 16.25
      vertex 69.26064729144379 39.083333333333336 24.25
      vertex 71.13703566631007 42.333333333333336 24.25
    endloop
  endfacet
  facet normal 0.8660254037844383 -0.5000000000000008 0
    outer loop
      vertex 63.63148216684494 42.333333333333336 16.25
      vertex 65.50787054171123 45.583333333333336 16.25
      vertex 65.50787054171123 45.583333333333336 24.25
    endloop
  endfacet
  facet normal 0 -1 0
    outer loop
      vertex 65.50787054171123 45.583333333333336 16.25
      vertex 67.20223009284315 45.583333333333336 17.75
      vertex 65.50787054171123 45.583333333333336 24.25
    endloop
  endfacet
  facet normal 0 -1 0
    outer loop
      vertex 67.6092589165775 45.583333333333336 17.75
      vertex 69.26064729144379 45.583333333333336 16.25
      vertex 67.6092589165775 45.583333333333336 22.75
    endloop
  endfacet
  facet normal 0 -1 0
    outer loop
      vertex 69.26064729144379 45.583333333333336 16.25
      vertex 69.26064729144379 45.583333333333336 24.25
      vertex 67.6092589165775 45.583333333333336 22.75
    endloop
  endfacet
  facet normal 0 -1 0
    outer loop
      vertex 67.20223009284315 45.583333333333336 17.75
      vertex 67.20223009284315 45.583333333333336 22.75
      vertex 65.50787054171123 45.583333333333336 24.25
    endloop
  endfacet
  facet normal 0 -1 0
    outer loop
      vertex 67.20223009284315 45.583333333333336 22.75
      vertex 67.6092589165775 45.583333333333336 22.75
      vertex 69.26064729144379 45.583333333333336 24.25
    endloop
  endfacet
  facet normal 0 -1 0
    outer loop
      vertex 67.20223009284315 45.583333333333336 22.75
      vertex 69.26064729144379 45.583333333333336 24.25
      vertex 65.50787054171123 45.583333333333336 24.25
    endloop
  endfacet
  facet normal -0.866025403784439 -0.4999999999999994 0
    outer loop
      vertex 69.26064729144379 45.583333333333336 16.25
      vertex 71.13703566631007 42.333333333333336 24.25
      vertex 69.26064729144379 45.583333333333336 24.25
    endloop
  endfacet
  facet normal 0 0 1
    outer loop
      vertex 53.65169793065955 39.083333333333336 16.25
      vertex 57.40447468039211 39.083333333333336 16.25
      vertex 57.40447468039211 45.583333333333336 16.25
    endloop
  endfacet
  facet normal 0 1 0
    outer loop
      vertex 53.65169793065955 39.083333333333336 16.25
      vertex 55.753086305525834 39.083333333333336 17.75
      vertex 57.40447468039211 39.083333333333336 16.25
    endloop
  endfacet
  facet normal 0 1 0
    outer loop
      vertex 53.65169793065955 39.083333333333336 16.25
      vertex 55.34605748179147 39.083333333333336 17.75
      vertex 55.753086305525834 39.083333333333336 17.75
    endloop
  endfacet
  facet normal 0 0 1
    outer loop
      vertex 53.65169793065955 39.083333333333336 16.25
      vertex 53.65169793065955 45.583333333333336 16.25
      vertex 51.775309555793264 42.333333333333336 16.25
    endloop
  endfacet
  facet normal 0 0 1
    outer loop
      vertex 53.65169793065955 39.083333333333336 16.25
      vertex 57.40447468039211 45.583333333333336 16.25
      vertex 53.65169793065955 45.583333333333336 16.25
    endloop
  endfacet
  facet normal 0 0 1
    outer loop
      vertex 57.40447468039211 39.083333333333336 16.25
      vertex 59.2808630552584 42.333333333333336 16.25
      vertex 57.40447468039211 45.583333333333336 16.25
    endloop
  endfacet
  facet normal 0 -1 0
    outer loop
      vertex 53.65169793065955 45.583333333333336 16.25
      vertex 57.40447468039211 45.583333333333336 16.25
      vertex 55.753086305525834 45.583333333333336 17.75
    endloop
  endfacet
  facet normal 0 -1 0
    outer loop
      vertex 53.65169793065955 45.583333333333336 16.25
      vertex 55.753086305525834 45.583333333333336 17.75
      vertex 55.34605748179147 45.583333333333336 17.75
    endloop
  endfacet
  facet normal 0.8660254037844383 0.5000000000000008 0
    outer loop
      vertex 53.65169793065955 39.083333333333336 16.25
      vertex 51.775309555793264 42.333333333333336 16.25
      vertex 51.775309555793264 42.333333333333336 24.25
    endloop
  endfacet
  facet normal 0 1 0
    outer loop
      vertex 53.65169793065955 39.083333333333336 16.25
      vertex 55.34605748179147 39.083333333333336 22.75
      vertex 55.34605748179147 39.083333333333336 17.75
    endloop
  endfacet
  facet normal 0 1 0
    outer loop
      vertex 53.65169793065955 39.083333333333336 16.25
      vertex 53.65169793065955 39.083333333333336 24.25
      vertex 55.34605748179147 39.083333333333336 22.75
    endloop
  endfacet
  facet normal 0 1 0
    outer loop
      vertex 55.753086305525834 39.083333333333336 17.75
      vertex 57.40447468039211 39.083333333333336 24.25
      vertex 57.40447468039211 39.083333333333336 16.25
    endloop
  endfacet
  facet normal -0.8660254037844383 0.5000000000000008 0
    outer loop
      vertex 57.40447468039211 39.083333333333336 16.25
      vertex 57.40447468039211 39.083333333333336 24.25
      vertex 59.2808630552584 42.333333333333336 16.25
    endloop
  endfacet
  facet normal -0.8660254037844383 -0.5000000000000008 0
    outer loop
      vertex 59.2808630552584 42.333333333333336 16.25
      vertex 59.2808630552584 42.333333333333336 24.25
      vertex 57.40447468039211 45.583333333333336 16.25
    endloop
  endfacet
  facet normal 0.8660254037844383 0.5000000000000008 0
    outer loop
      vertex 53.65169793065955 39.083333333333336 16.25
      vertex 51.775309555793264 42.333333333333336 24.25
      vertex 53.65169793065955 39.083333333333336 24.25
    endloop
  endfacet
  facet normal 0 1 0
    outer loop
      vertex 55.34605748179147 39.083333333333336 22.75
      vertex 53.65169793065955 39.083333333333336 24.25
      vertex 55.753086305525834 39.083333333333336 22.75
    endloop
  endfacet
  facet normal 0 1 0
    outer loop
      vertex 55.753086305525834 39.083333333333336 22.75
      vertex 53.65169793065955 39.083333333333336 24.25
      vertex 57.40447468039211 39.083333333333336 24.25
    endloop
  endfacet
  facet normal 0.8660254037844383 -0.5000000000000008 0
    outer loop
      vertex 51.775309555793264 42.333333333333336 16.25
      vertex 53.65169793065955 45.583333333333336 24.25
      vertex 51.775309555793264 42.333333333333336 24.25
    endloop
  endfacet
  facet normal 0 1 0
    outer loop
      vertex 55.753086305525834 39.083333333333336 17.75
      vertex 55.753086305525834 39.083333333333336 22.75
      vertex 57.40447468039211 39.083333333333336 24.25
    endloop
  endfacet
  facet normal -0.8660254037844383 0.5000000000000008 0
    outer loop
      vertex 59.2808630552584 42.333333333333336 16.25
      vertex 57.40447468039211 39.083333333333336 24.25
      vertex 59.2808630552584 42.333333333333336 24.25
    endloop
  endfacet
  facet normal 0.8660254037844383 -0.5000000000000008 0
    outer loop
      vertex 51.775309555793264 42.333333333333336 16.25
      vertex 53.65169793065955 45.583333333333336 16.25
      vertex 53.65169793065955 45.583333333333336 24.25
    endloop
  endfacet
  facet normal 0 -1 0
    outer loop
      vertex 53.65169793065955 45.583333333333336 16.25
      vertex 55.34605748179147 45.583333333333336 17.75
      vertex 53.65169793065955 45.583333333333336 24.25
    endloop
  endfacet
  facet normal 0 -1 0
    outer loop
      vertex 55.753086305525834 45.583333333333336 17.75
      vertex 57.40447468039211 45.583333333333336 16.25
      vertex 55.753086305525834 45.583333333333336 22.75
    endloop
  endfacet
  facet normal 0 -1 0
    outer loop
      vertex 57.40447468039211 45.583333333333336 16.25
      vertex 57.40447468039211 45.583333333333336 24.25
      vertex 55.753086305525834 45.583333333333336 22.75
    endloop
  endfacet
  facet normal 0 -1 0
    outer loop
      vertex 55.34605748179147 45.583333333333336 17.75
      vertex 55.34605748179147 45.583333333333336 22.75
      vertex 53.65169793065955 45.583333333333336 24.25
    endloop
  endfacet
  facet normal 0 -1 0
    outer loop
      vertex 55.34605748179147 45.583333333333336 22.75
      vertex 55.753086305525834 45.583333333333336 22.75
      vertex 57.40447468039211 45.583333333333336 24.25
    endloop
  endfacet
  facet normal 0 -1 0
    outer loop
      vertex 55.34605748179147 45.583333333333336 22.75
      vertex 57.40447468039211 45.583333333333336 24.25
      vertex 53.65169793065955 45.583333333333336 24.25
    endloop
  endfacet
  facet normal -0.8660254037844383 -0.5000000000000008 0
    outer loop
      vertex 57.40447468039211 45.583333333333336 16.25
      vertex 59.2808630552584 42.333333333333336 24.25
      vertex 57.40447468039211 45.583333333333336 24.25
    endloop
  endfacet
  facet normal 0 0 1
    outer loop
      vertex 41.795525319607876 39.083333333333336 16.25
      vertex 41.795525319607876 45.583333333333336 16.25
      vertex 39.91913694474159 42.333333333333336 16.25
    endloop
  endfacet
  facet normal 0 0 1
    outer loop
      vertex 41.795525319607876 39.083333333333336 16.25
      vertex 45.54830206934044 39.083333333333336 16.25
      vertex 45.54830206934044 45.583333333333336 16.25
    endloop
  endfacet
  facet normal 0 1 0
    outer loop
      vertex 41.795525319607876 39.083333333333336 16.25
      vertex 43.89691369447416 39.083333333333336 17.75
      vertex 45.54830206934044 39.083333333333336 16.25
    endloop
  endfacet
  facet normal 0 1 0
    outer loop
      vertex 41.795525319607876 39.083333333333336 16.25
      vertex 43.48988487073979 39.083333333333336 17.75
      vertex 43.89691369447416 39.083333333333336 17.75
    endloop
  endfacet
  facet normal 0 0 1
    outer loop
      vertex 45.54830206934044 39.083333333333336 16.25
      vertex 47.424690444206725 42.333333333333336 16.25
      vertex 45.54830206934044 45.583333333333336 16.25
    endloop
  endfacet
  facet normal 0 0 1
    outer loop
      vertex 41.795525319607876 39.083333333333336 16.25
      vertex 45.54830206934044 45.583333333333336 16.25
      vertex 41.795525319607876 45.583333333333336 16.25
    endloop
  endfacet
  facet normal 0 -1 0
    outer loop
      vertex 41.795525319607876 45.583333333333336 16.25
      vertex 45.54830206934044 45.583333333333336 16.25
      vertex 43.89691369447416 45.583333333333336 17.75
    endloop
  endfacet
  facet normal 0 -1 0
    outer loop
      vertex 41.795525319607876 45.583333333333336 16.25
      vertex 43.89691369447416 45.583333333333336 17.75
      vertex 43.48988487073979 45.583333333333336 17.75
    endloop
  endfacet
  facet normal 0.8660254037844383 0.5000000000000008 0
    outer loop
      vertex 41.795525319607876 39.083333333333336 16.25
      vertex 39.91913694474159 42.333333333333336 16.25
      vertex 39.91913694474159 42.333333333333336 24.25
    endloop
  endfacet
  facet normal 0 1 0
    outer loop
      vertex 41.795525319607876 39.083333333333336 16.25
      vertex 41.795525319607876 39.083333333333336 24.25
      vertex 43.48988487073979 39.083333333333336 22.75
    endloop
  endfacet
  facet normal 0 1 0
    outer loop
      vertex 41.795525319607876 39.083333333333336 16.25
      vertex 43.48988487073979 39.083333333333336 22.75
      vertex 43.48988487073979 39.083333333333336 17.75
    endloop
  endfacet
  facet normal 0 1 0
    outer loop
      vertex 45.54830206934044 39.083333333333336 16.25
      vertex 43.89691369447416 39.083333333333336 17.75
      vertex 45.54830206934044 39.083333333333336 24.25
    endloop
  endfacet
  facet normal -0.8660254037844383 0.5000000000000008 0
    outer loop
      vertex 45.54830206934044 39.083333333333336 16.25
      vertex 45.54830206934044 39.083333333333336 24.25
      vertex 47.424690444206725 42.333333333333336 16.25
    endloop
  endfacet
  facet normal -0.8660254037844383 -0.5000000000000008 0
    outer loop
      vertex 47.424690444206725 42.333333333333336 16.25
      vertex 47.424690444206725 42.333333333333336 24.25
      vertex 45.54830206934044 45.583333333333336 16.25
    endloop
  endfacet
  facet normal 0.8660254037844383 0.5000000000000008 0
    outer loop
      vertex 41.795525319607876 39.083333333333336 16.25
      vertex 39.91913694474159 42.333333333333336 24.25
      vertex 41.795525319607876 39.083333333333336 24.25
    endloop
  endfacet
  facet normal 0.8660254037844383 -0.5000000000000008 0
    outer loop
      vertex 39.91913694474159 42.333333333333336 16.25
      vertex 41.795525319607876 45.583333333333336 24.25
      vertex 39.91913694474159 42.333333333333336 24.25
    endloop
  endfacet
  facet normal 0 1 0
    outer loop
      vertex 43.89691369447416 39.083333333333336 17.75
      vertex 43.89691369447416 39.083333333333336 22.75
      vertex 45.54830206934044 39.083333333333336 24.25
    endloop
  endfacet
  facet normal -0.8660254037844383 0.5000000000000008 0
    outer loop
      vertex 47.424690444206725 42.333333333333336 16.25
      vertex 45.54830206934044 39.083333333333336 24.25
      vertex 47.424690444206725 42.333333333333336 24.25
    endloop
  endfacet
  facet normal 0 1 0
    outer loop
      vertex 41.795525319607876 39.083333333333336 24.25
      vertex 43.89691369447416 39.083333333333336 22.75
      vertex 43.48988487073979 39.083333333333336 22.75
    endloop
  endfacet
  facet normal 0 1 0
    outer loop
      vertex 41.795525319607876 39.083333333333336 24.25
      vertex 45.54830206934044 39.083333333333336 24.25
      vertex 43.89691369447416 39.083333333333336 22.75
    endloop
  endfacet
  facet normal 0.8660254037844383 -0.5000000000000008 0
    outer loop
      vertex 39.91913694474159 42.333333333333336 16.25
      vertex 41.795525319607876 45.583333333333336 16.25
      vertex 41.795525319607876 45.583333333333336 24.25
    endloop
  endfacet
  facet normal 0 -1 0
    outer loop
      vertex 41.795525319607876 45.583333333333336 16.25
      vertex 43.48988487073979 45.583333333333336 17.75
      vertex 41.795525319607876 45.583333333333336 24.25
    endloop
  endfacet
  facet normal 0 -1 0
    outer loop
      vertex 45.54830206934044 45.583333333333336 16.25
      vertex 43.89691369447416 45.583333333333336 22.75
      vertex 43.89691369447416 45.583333333333336 17.75
    endloop
  endfacet
  facet normal 0 -1 0
    outer loop
      vertex 45.54830206934044 45.583333333333336 16.25
      vertex 45.54830206934044 45.583333333333336 24.25
      vertex 43.89691369447416 45.583333333333336 22.75
    endloop
  endfacet
  facet normal 0 -1 0
    outer loop
      vertex 43.48988487073979 45.583333333333336 17.75
      vertex 43.48988487073979 45.583333333333336 22.75
      vertex 41.795525319607876 45.583333333333336 24.25
    endloop
  endfacet
  facet normal -0.8660254037844383 -0.5000000000000008 0
    outer loop
      vertex 45.54830206934044 45.583333333333336 16.25
      vertex 47.424690444206725 42.333333333333336 24.25
      vertex 45.54830206934044 45.583333333333336 24.25
    endloop
  endfacet
  facet normal 0 -1 0
    outer loop
      vertex 43.48988487073979 45.583333333333336 22.75
      vertex 43.89691369447416 45.583333333333336 22.75
      vertex 45.54830206934044 45.583333333333336 24.25
    endloop
  endfacet
  facet normal 0 -1 0
    outer loop
      vertex 41.795525319607876 45.583333333333336 24.25
      vertex 43.48988487073979 45.583333333333336 22.75
      vertex 45.54830206934044 45.583333333333336 24.25
    endloop
  endfacet
  facet normal 0 0 1
    outer loop
      vertex 29.93935270855619 39.083333333333336 16.25
      vertex 29.93935270855619 45.583333333333336 16.25
      vertex 28.062964333689905 42.333333333333336 16.25
    endloop
  endfacet
  facet normal 0 0 1
    outer loop
      vertex 29.93935270855619 39.083333333333336 16.25
      vertex 33.692129458288754 39.083333333333336 16.25
      vertex 33.692129458288754 45.583333333333336 16.25
    endloop
  endfacet
  facet normal 0 1 0
    outer loop
      vertex 29.93935270855619 39.083333333333336 16.25
      vertex 31.63371225968811 39.083333333333336 17.75
      vertex 32.040741083422475 39.083333333333336 17.75
    endloop
  endfacet
  facet normal 0 1 0
    outer loop
      vertex 29.93935270855619 39.083333333333336 16.25
      vertex 32.040741083422475 39.083333333333336 17.75
      vertex 33.692129458288754 39.083333333333336 16.25
    endloop
  endfacet
  facet normal 0 0 1
    outer loop
      vertex 29.93935270855619 39.083333333333336 16.25
      vertex 33.692129458288754 45.583333333333336 16.25
      vertex 29.93935270855619 45.583333333333336 16.25
    endloop
  endfacet
  facet normal 0 0 1
    outer loop
      vertex 33.692129458288754 39.083333333333336 16.25
      vertex 35.56851783315504 42.333333333333336 16.25
      vertex 33.692129458288754 45.583333333333336 16.25
    endloop
  endfacet
  facet normal 0 -1 0
    outer loop
      vertex 29.93935270855619 45.583333333333336 16.25
      vertex 32.040741083422475 45.583333333333336 17.75
      vertex 31.63371225968811 45.583333333333336 17.75
    endloop
  endfacet
  facet normal 0 -1 0
    outer loop
      vertex 29.93935270855619 45.583333333333336 16.25
      vertex 33.692129458288754 45.583333333333336 16.25
      vertex 32.040741083422475 45.583333333333336 17.75
    endloop
  endfacet
  facet normal 0.8660254037844386 0.5000000000000001 0
    outer loop
      vertex 29.93935270855619 39.083333333333336 16.25
      vertex 28.062964333689905 42.333333333333336 16.25
      vertex 28.062964333689905 42.333333333333336 24.25
    endloop
  endfacet
  facet normal 0 1 0
    outer loop
      vertex 29.93935270855619 39.083333333333336 16.25
      vertex 31.63371225968811 39.083333333333336 22.75
      vertex 31.63371225968811 39.083333333333336 17.75
    endloop
  endfacet
  facet normal 0 1 0
    outer loop
      vertex 33.692129458288754 39.083333333333336 16.25
      vertex 32.040741083422475 39.083333333333336 17.75
      vertex 33.692129458288754 39.083333333333336 24.25
    endloop
  endfacet
  facet normal -0.8660254037844383 0.5000000000000008 0
    outer loop
      vertex 33.692129458288754 39.083333333333336 16.25
      vertex 33.692129458288754 39.083333333333336 24.25
      vertex 35.56851783315504 42.333333333333336 16.25
    endloop
  endfacet
  facet normal 0 1 0
    outer loop
      vertex 29.93935270855619 39.083333333333336 16.25
      vertex 29.93935270855619 39.083333333333336 24.25
      vertex 31.63371225968811 39.083333333333336 22.75
    endloop
  endfacet
  facet normal -0.8660254037844383 -0.5000000000000008 0
    outer loop
      vertex 35.56851783315504 42.333333333333336 16.25
      vertex 35.56851783315504 42.333333333333336 24.25
      vertex 33.692129458288754 45.583333333333336 16.25
    endloop
  endfacet
  facet normal 0.8660254037844386 0.5000000000000001 0
    outer loop
      vertex 29.93935270855619 39.083333333333336 16.25
      vertex 28.062964333689905 42.333333333333336 24.25
      vertex 29.93935270855619 39.083333333333336 24.25
    endloop
  endfacet
  facet normal 0.8660254037844386 -0.5000000000000001 0
    outer loop
      vertex 28.062964333689905 42.333333333333336 16.25
      vertex 29.93935270855619 45.583333333333336 24.25
      vertex 28.062964333689905 42.333333333333336 24.25
    endloop
  endfacet
  facet normal 0 1 0
    outer loop
      vertex 32.040741083422475 39.083333333333336 17.75
      vertex 32.040741083422475 39.083333333333336 22.75
      vertex 33.692129458288754 39.083333333333336 24.25
    endloop
  endfacet
  facet normal -0.8660254037844383 0.5000000000000008 0
    outer loop
      vertex 35.56851783315504 42.333333333333336 16.25
      vertex 33.692129458288754 39.083333333333336 24.25
      vertex 35.56851783315504 42.333333333333336 24.25
    endloop
  endfacet
  facet normal 0 1 0
    outer loop
      vertex 29.93935270855619 39.083333333333336 24.25
      vertex 32.040741083422475 39.083333333333336 22.75
      vertex 31.63371225968811 39.083333333333336 22.75
    endloop
  endfacet
  facet normal 0 1 0
    outer loop
      vertex 29.93935270855619 39.083333333333336 24.25
      vertex 33.692129458288754 39.083333333333336 24.25
      vertex 32.040741083422475 39.083333333333336 22.75
    endloop
  endfacet
  facet normal 0.8660254037844386 -0.5000000000000001 0
    outer loop
      vertex 28.062964333689905 42.333333333333336 16.25
      vertex 29.93935270855619 45.583333333333336 16.25
      vertex 29.93935270855619 45.583333333333336 24.25
    endloop
  endfacet
  facet normal 0 -1 0
    outer loop
      vertex 33.692129458288754 45.583333333333336 16.25
      vertex 32.040741083422475 45.583333333333336 22.75
      vertex 32.040741083422475 45.583333333333336 17.75
    endloop
  endfacet
  facet normal 0 -1 0
    outer loop
      vertex 29.93935270855619 45.583333333333336 16.25
      vertex 31.63371225968811 45.583333333333336 17.75
      vertex 29.93935270855619 45.583333333333336 24.25
    endloop
  endfacet
  facet normal 0 -1 0
    outer loop
      vertex 33.692129458288754 45.583333333333336 16.25
      vertex 33.692129458288754 45.583333333333336 24.25
      vertex 32.040741083422475 45.583333333333336 22.75
    endloop
  endfacet
  facet normal 0 -1 0
    outer loop
      vertex 31.63371225968811 45.583333333333336 17.75
      vertex 31.63371225968811 45.583333333333336 22.75
      vertex 29.93935270855619 45.583333333333336 24.25
    endloop
  endfacet
  facet normal -0.8660254037844383 -0.5000000000000008 0
    outer loop
      vertex 33.692129458288754 45.583333333333336 16.25
      vertex 35.56851783315504 42.333333333333336 24.25
      vertex 33.692129458288754 45.583333333333336 24.25
    endloop
  endfacet
  facet normal 0 -1 0
    outer loop
      vertex 31.63371225968811 45.583333333333336 22.75
      vertex 32.040741083422475 45.583333333333336 22.75
      vertex 33.692129458288754 45.583333333333336 24.25
    endloop
  endfacet
  facet normal 0 -1 0
    outer loop
      vertex 29.93935270855619 45.583333333333336 24.25
      vertex 31.63371225968811 45.583333333333336 22.75
      vertex 33.692129458288754 45.583333333333336 24.25
    endloop
  endfacet
  facet normal 0 0 1
    outer loop
      vertex 6.227007486452829 39.083333333333336 16.25
      vertex 9.979784236185397 39.083333333333336 16.25
      vertex 9.979784236185397 45.583333333333336 16.25
    endloop
  endfacet
  facet normal 0 1 0
    outer loop
      vertex 6.227007486452829 39.083333333333336 16.25
      vertex 7.92136703758475 39.083333333333336 17.75
      vertex 8.328395861319112 39.083333333333336 17.75
    endloop
  endfacet
  facet normal 0 1 0
    outer loop
      vertex 6.227007486452829 39.083333333333336 16.25
      vertex 8.328395861319112 39.083333333333336 17.75
      vertex 9.979784236185397 39.083333333333336 16.25
    endloop
  endfacet
  facet normal 0 0 1
    outer loop
      vertex 4.350619111586545 42.333333333333336 16.25
      vertex 6.227007486452829 39.083333333333336 16.25
      vertex 6.227007486452829 45.583333333333336 16.25
    endloop
  endfacet
  facet normal 0 0 1
    outer loop
      vertex 6.227007486452829 39.083333333333336 16.25
      vertex 9.979784236185397 45.583333333333336 16.25
      vertex 6.227007486452829 45.583333333333336 16.25
    endloop
  endfacet
  facet normal 0 -1 0
    outer loop
      vertex 6.227007486452829 45.583333333333336 16.25
      vertex 8.328395861319112 45.583333333333336 17.75
      vertex 7.92136703758475 45.583333333333336 17.75
    endloop
  endfacet
  facet normal 0 -1 0
    outer loop
      vertex 6.227007486452829 45.583333333333336 16.25
      vertex 9.979784236185397 45.583333333333336 16.25
      vertex 8.328395861319112 45.583333333333336 17.75
    endloop
  endfacet
  facet normal 0 0 1
    outer loop
      vertex 9.979784236185397 39.083333333333336 16.25
      vertex 11.85617261105168 42.333333333333336 16.25
      vertex 9.979784236185397 45.583333333333336 16.25
    endloop
  endfacet
  facet normal 0.8660254037844386 0.4999999999999999 0
    outer loop
      vertex 4.350619111586545 42.333333333333336 16.25
      vertex 4.350619111586545 42.333333333333336 24.25
      vertex 6.227007486452829 39.083333333333336 16.25
    endloop
  endfacet
  facet normal 0 1 0
    outer loop
      vertex 6.227007486452829 39.083333333333336 16.25
      vertex 7.92136703758475 39.083333333333336 22.75
      vertex 7.92136703758475 39.083333333333336 17.75
    endloop
  endfacet
  facet normal 0 1 0
    outer loop
      vertex 9.979784236185397 39.083333333333336 16.25
      vertex 8.328395861319112 39.083333333333336 17.75
      vertex 9.979784236185397 39.083333333333336 24.25
    endloop
  endfacet
  facet normal 0 1 0
    outer loop
      vertex 6.227007486452829 39.083333333333336 16.25
      vertex 6.227007486452829 39.083333333333336 24.25
      vertex 7.92136703758475 39.083333333333336 22.75
    endloop
  endfacet
  facet normal 0.8660254037844386 0.4999999999999999 0
    outer loop
      vertex 6.227007486452829 39.083333333333336 16.25
      vertex 4.350619111586545 42.333333333333336 24.25
      vertex 6.227007486452829 39.083333333333336 24.25
    endloop
  endfacet
  facet normal 0 1 0
    outer loop
      vertex 8.328395861319112 39.083333333333336 17.75
      vertex 8.328395861319112 39.083333333333336 22.75
      vertex 9.979784236185397 39.083333333333336 24.25
    endloop
  endfacet
  facet normal 0 1 0
    outer loop
      vertex 7.92136703758475 39.083333333333336 22.75
      vertex 6.227007486452829 39.083333333333336 24.25
      vertex 8.328395861319112 39.083333333333336 22.75
    endloop
  endfacet
  facet normal 0 1 0
    outer loop
      vertex 8.328395861319112 39.083333333333336 22.75
      vertex 6.227007486452829 39.083333333333336 24.25
      vertex 9.979784236185397 39.083333333333336 24.25
    endloop
  endfacet
  facet normal 0.8660254037844386 -0.4999999999999999 0
    outer loop
      vertex 4.350619111586545 42.333333333333336 16.25
      vertex 6.227007486452829 45.583333333333336 24.25
      vertex 4.350619111586545 42.333333333333336 24.25
    endloop
  endfacet
  facet normal 0.8660254037844386 -0.4999999999999999 -7.396010332244476e-18
    outer loop
      vertex 4.350619111586545 42.333333333333336 16.25
      vertex 6.227007486452829 45.583333333333336 16.25
      vertex 6.227007486452829 45.583333333333336 24.25
    endloop
  endfacet
  facet normal 0 -1 0
    outer loop
      vertex 9.979784236185397 45.583333333333336 16.25
      vertex 8.328395861319112 45.583333333333336 22.75
      vertex 8.328395861319112 45.583333333333336 17.75
    endloop
  endfacet
  facet normal 0 -1 0
    outer loop
      vertex 6.227007486452829 45.583333333333336 16.25
      vertex 7.92136703758475 45.583333333333336 17.75
      vertex 6.227007486452829 45.583333333333336 24.25
    endloop
  endfacet
  facet normal 0 -1 0
    outer loop
      vertex 9.979784236185397 45.583333333333336 16.25
      vertex 9.979784236185397 45.583333333333336 24.25
      vertex 8.328395861319112 45.583333333333336 22.75
    endloop
  endfacet
  facet normal 0 -1 0
    outer loop
      vertex 7.92136703758475 45.583333333333336 17.75
      vertex 7.92136703758475 45.583333333333336 22.75
      vertex 6.227007486452829 45.583333333333336 24.25
    endloop
  endfacet
  facet normal 0 -1 0
    outer loop
      vertex 7.92136703758475 45.583333333333336 22.75
      vertex 8.328395861319112 45.583333333333336 22.75
      vertex 9.979784236185397 45.583333333333336 24.25
    endloop
  endfacet
  facet normal 0 -1 0
    outer loop
      vertex 7.92136703758475 45.583333333333336 22.75
      vertex 9.979784236185397 45.583333333333336 24.25
      vertex 6.227007486452829 45.583333333333336 24.25
    endloop
  endfacet
  facet normal -0.8660254037844387 0.4999999999999997 0
    outer loop
      vertex 9.979784236185397 39.083333333333336 16.25
      vertex 9.979784236185397 39.083333333333336 24.25
      vertex 11.85617261105168 42.333333333333336 16.25
    endloop
  endfacet
  facet normal -0.8660254037844387 -0.4999999999999997 0
    outer loop
      vertex 11.85617261105168 42.333333333333336 16.25
      vertex 11.85617261105168 42.333333333333336 24.25
      vertex 9.979784236185397 45.583333333333336 16.25
    endloop
  endfacet
  facet normal -0.8660254037844387 0.4999999999999997 0
    outer loop
      vertex 11.85617261105168 42.333333333333336 16.25
      vertex 9.979784236185397 39.083333333333336 24.25
      vertex 11.85617261105168 42.333333333333336 24.25
    endloop
  endfacet
  facet normal -0.8660254037844387 -0.4999999999999997 0
    outer loop
      vertex 9.979784236185397 45.583333333333336 16.25
      vertex 11.85617261105168 42.333333333333336 24.25
      vertex 9.979784236185397 45.583333333333336 24.25
    endloop
  endfacet
  facet normal 0 0 1
    outer loop
      vertex 18.083180097504506 39.083333333333336 16.25
      vertex 21.835956847237075 39.083333333333336 16.25
      vertex 21.835956847237075 45.583333333333336 16.25
    endloop
  endfacet
  facet normal 0 1 0
    outer loop
      vertex 18.083180097504506 39.083333333333336 16.25
      vertex 19.777539648636427 39.083333333333336 17.75
      vertex 20.184568472370792 39.083333333333336 17.75
    endloop
  endfacet
  facet normal 0 1 0
    outer loop
      vertex 18.083180097504506 39.083333333333336 16.25
      vertex 20.184568472370792 39.083333333333336 17.75
      vertex 21.835956847237075 39.083333333333336 16.25
    endloop
  endfacet
  facet normal 0 0 1
    outer loop
      vertex 18.083180097504506 39.083333333333336 16.25
      vertex 18.083180097504506 45.583333333333336 16.25
      vertex 16.206791722638222 42.333333333333336 16.25
    endloop
  endfacet
  facet normal 0 0 1
    outer loop
      vertex 18.083180097504506 39.083333333333336 16.25
      vertex 21.835956847237075 45.583333333333336 16.25
      vertex 18.083180097504506 45.583333333333336 16.25
    endloop
  endfacet
  facet normal 0 0 1
    outer loop
      vertex 21.835956847237075 39.083333333333336 16.25
      vertex 23.71234522210336 42.333333333333336 16.25
      vertex 21.835956847237075 45.583333333333336 16.25
    endloop
  endfacet
  facet normal 0 -1 0
    outer loop
      vertex 18.083180097504506 45.583333333333336 16.25
      vertex 20.184568472370792 45.583333333333336 17.75
      vertex 19.777539648636427 45.583333333333336 17.75
    endloop
  endfacet
  facet normal 0 -1 0
    outer loop
      vertex 18.083180097504506 45.583333333333336 16.25
      vertex 21.835956847237075 45.583333333333336 16.25
      vertex 20.184568472370792 45.583333333333336 17.75
    endloop
  endfacet
  facet normal 0 1 0
    outer loop
      vertex 18.083180097504506 39.083333333333336 16.25
      vertex 19.777539648636427 39.083333333333336 22.75
      vertex 19.777539648636427 39.083333333333336 17.75
    endloop
  endfacet
  facet normal 0.8660254037844386 0.5000000000000001 0
    outer loop
      vertex 18.083180097504506 39.083333333333336 16.25
      vertex 16.206791722638222 42.333333333333336 16.25
      vertex 16.206791722638222 42.333333333333336 24.25
    endloop
  endfacet
  facet normal 0 1 0
    outer loop
      vertex 21.835956847237075 39.083333333333336 16.25
      vertex 20.184568472370792 39.083333333333336 17.75
      vertex 21.835956847237075 39.083333333333336 24.25
    endloop
  endfacet
  facet normal -0.8660254037844386 0.5000000000000001 0
    outer loop
      vertex 21.835956847237075 39.083333333333336 16.25
      vertex 21.835956847237075 39.083333333333336 24.25
      vertex 23.71234522210336 42.333333333333336 16.25
    endloop
  endfacet
  facet normal 0 1 0
    outer loop
      vertex 18.083180097504506 39.083333333333336 16.25
      vertex 18.083180097504506 39.083333333333336 24.25
      vertex 19.777539648636427 39.083333333333336 22.75
    endloop
  endfacet
  facet normal 0.8660254037844386 0.5000000000000001 0
    outer loop
      vertex 18.083180097504506 39.083333333333336 16.25
      vertex 16.206791722638222 42.333333333333336 24.25
      vertex 18.083180097504506 39.083333333333336 24.25
    endloop
  endfacet
  facet normal 0 1 0
    outer loop
      vertex 20.184568472370792 39.083333333333336 17.75
      vertex 20.184568472370792 39.083333333333336 22.75
      vertex 21.835956847237075 39.083333333333336 24.25
    endloop
  endfacet
  facet normal 0 1 0
    outer loop
      vertex 18.083180097504506 39.083333333333336 24.25
      vertex 20.184568472370792 39.083333333333336 22.75
      vertex 19.777539648636427 39.083333333333336 22.75
    endloop
  endfacet
  facet normal 0 1 0
    outer loop
      vertex 18.083180097504506 39.083333333333336 24.25
      vertex 21.835956847237075 39.083333333333336 24.25
      vertex 20.184568472370792 39.083333333333336 22.75
    endloop
  endfacet
  facet normal 0.8660254037844386 -0.5000000000000001 0
    outer loop
      vertex 16.206791722638222 42.333333333333336 16.25
      vertex 18.083180097504506 45.583333333333336 24.25
      vertex 16.206791722638222 42.333333333333336 24.25
    endloop
  endfacet
  facet normal 0.8660254037844386 -0.5000000000000001 0
    outer loop
      vertex 16.206791722638222 42.333333333333336 16.25
      vertex 18.083180097504506 45.583333333333336 16.25
      vertex 18.083180097504506 45.583333333333336 24.25
    endloop
  endfacet
  facet normal 0 -1 0
    outer loop
      vertex 18.083180097504506 45.583333333333336 16.25
      vertex 19.777539648636427 45.583333333333336 17.75
      vertex 18.083180097504506 45.583333333333336 24.25
    endloop
  endfacet
  facet normal 0 -1 0
    outer loop
      vertex 21.835956847237075 45.583333333333336 16.25
      vertex 20.184568472370792 45.583333333333336 22.75
      vertex 20.184568472370792 45.583333333333336 17.75
    endloop
  endfacet
  facet normal 0 -1 0
    outer loop
      vertex 21.835956847237075 45.583333333333336 16.25
      vertex 21.835956847237075 45.583333333333336 24.25
      vertex 20.184568472370792 45.583333333333336 22.75
    endloop
  endfacet
  facet normal 0 -1 0
    outer loop
      vertex 19.777539648636427 45.583333333333336 17.75
      vertex 19.777539648636427 45.583333333333336 22.75
      vertex 18.083180097504506 45.583333333333336 24.25
    endloop
  endfacet
  facet normal -0.8660254037844386 -0.5000000000000001 0
    outer loop
      vertex 21.835956847237075 45.583333333333336 16.25
      vertex 23.71234522210336 42.333333333333336 24.25
      vertex 21.835956847237075 45.583333333333336 24.25
    endloop
  endfacet
  facet normal 0 -1 0
    outer loop
      vertex 19.777539648636427 45.583333333333336 22.75
      vertex 20.184568472370792 45.583333333333336 22.75
      vertex 21.835956847237075 45.583333333333336 24.25
    endloop
  endfacet
  facet normal 0 -1 0
    outer loop
      vertex 18.083180097504506 45.583333333333336 24.25
      vertex 19.777539648636427 45.583333333333336 22.75
      vertex 21.835956847237075 45.583333333333336 24.25
    endloop
  endfacet
  facet normal -0.8660254037844386 -0.5000000000000001 0
    outer loop
      vertex 23.71234522210336 42.333333333333336 16.25
      vertex 23.71234522210336 42.333333333333336 24.25
      vertex 21.835956847237075 45.583333333333336 16.25
    endloop
  endfacet
  facet normal -0.8660254037844386 0.5000000000000001 0
    outer loop
      vertex 23.71234522210336 42.333333333333336 16.25
      vertex 21.835956847237075 39.083333333333336 24.25
      vertex 23.71234522210336 42.333333333333336 24.25
    endloop
  endfacet
  facet normal 0.866025403784439 0.4999999999999994 0
    outer loop
      vertex 89.2202157638146 5.216666666666667 0.25
      vertex 87.34382738894831 8.466666666666667 8.25
      vertex 89.2202157638146 5.216666666666667 8.25
    endloop
  endfacet
  facet normal 0.866025403784439 0.4999999999999994 0
    outer loop
      vertex 89.2202157638146 5.216666666666667 0.25
      vertex 87.34382738894831 8.466666666666667 0.25
      vertex 87.34382738894831 8.466666666666667 8.25
    endloop
  endfacet
  facet normal 0.866025403784439 -0.4999999999999994 0
    outer loop
      vertex 87.34382738894831 8.466666666666667 0.25
      vertex 89.2202157638146 11.716666666666667 0.25
      vertex 89.2202157638146 11.716666666666667 8.25
    endloop
  endfacet
  facet normal 0.866025403784439 -0.4999999999999994 0
    outer loop
      vertex 87.34382738894831 8.466666666666667 0.25
      vertex 89.2202157638146 11.716666666666667 8.25
      vertex 87.34382738894831 8.466666666666667 8.25
    endloop
  endfacet
  facet normal 0 1 0
    outer loop
      vertex 89.2202157638146 5.216666666666667 0.25
      vertex 91.32160413868087 5.216666666666667 1.75
      vertex 92.97299251354715 5.216666666666667 0.25
    endloop
  endfacet
  facet normal 0 1 0
    outer loop
      vertex 89.2202157638146 5.216666666666667 0.25
      vertex 90.91457531494652 5.216666666666667 1.75
      vertex 91.32160413868087 5.216666666666667 1.75
    endloop
  endfacet
  facet normal 0 1 0
    outer loop
      vertex 89.2202157638146 5.216666666666667 0.25
      vertex 90.91457531494652 5.216666666666667 6.75
      vertex 90.91457531494652 5.216666666666667 1.75
    endloop
  endfacet
  facet normal -0.866025403784439 0.4999999999999994 0
    outer loop
      vertex 92.97299251354715 5.216666666666667 0.25
      vertex 92.97299251354715 5.216666666666667 8.25
      vertex 94.84938088841344 8.466666666666667 0.25
    endloop
  endfacet
  facet normal 0 1 0
    outer loop
      vertex 92.97299251354715 5.216666666666667 0.25
      vertex 91.32160413868087 5.216666666666667 1.75
      vertex 92.97299251354715 5.216666666666667 8.25
    endloop
  endfacet
  facet normal 0 1 0
    outer loop
      vertex 89.2202157638146 5.216666666666667 0.25
      vertex 89.2202157638146 5.216666666666667 8.25
      vertex 90.91457531494652 5.216666666666667 6.75
    endloop
  endfacet
  facet normal 0 1 0
    outer loop
      vertex 91.32160413868087 5.216666666666667 1.75
      vertex 91.32160413868087 5.216666666666667 6.75
      vertex 92.97299251354715 5.216666666666667 8.25
    endloop
  endfacet
  facet normal 0 -1 0
    outer loop
      vertex 89.2202157638146 11.716666666666667 0.25
      vertex 92.97299251354715 11.716666666666667 0.25
      vertex 91.32160413868087 11.716666666666667 1.75
    endloop
  endfacet
  facet normal 0 -1 0
    outer loop
      vertex 89.2202157638146 11.716666666666667 0.25
      vertex 91.32160413868087 11.716666666666667 1.75
      vertex 90.91457531494652 11.716666666666667 1.75
    endloop
  endfacet
  facet normal 0 -1 0
    outer loop
      vertex 92.97299251354715 11.716666666666667 0.25
      vertex 91.32160413868087 11.716666666666667 6.75
      vertex 91.32160413868087 11.716666666666667 1.75
    endloop
  endfacet
  facet normal -0.866025403784439 -0.4999999999999994 0
    outer loop
      vertex 92.97299251354715 11.716666666666667 0.25
      vertex 94.84938088841344 8.466666666666667 0.25
      vertex 94.84938088841344 8.466666666666667 8.25
    endloop
  endfacet
  facet normal -0.866025403784439 0.4999999999999994 0
    outer loop
      vertex 94.84938088841344 8.466666666666667 0.25
      vertex 92.97299251354715 5.216666666666667 8.25
      vertex 94.84938088841344 8.466666666666667 8.25
    endloop
  endfacet
  facet normal 0 -1 0
    outer loop
      vertex 89.2202157638146 11.716666666666667 0.25
      vertex 90.91457531494652 11.716666666666667 1.75
      vertex 89.2202157638146 11.716666666666667 8.25
    endloop
  endfacet
  facet normal 0 -1 0
    outer loop
      vertex 92.97299251354715 11.716666666666667 0.25
      vertex 92.97299251354715 11.716666666666667 8.25
      vertex 91.32160413868087 11.716666666666667 6.75
    endloop
  endfacet
  facet normal 0 -1 0
    outer loop
      vertex 90.91457531494652 11.716666666666667 1.75
      vertex 90.91457531494652 11.716666666666667 6.75
      vertex 89.2202157638146 11.716666666666667 8.25
    endloop
  endfacet
  facet normal -0.866025403784439 -0.4999999999999994 0
    outer loop
      vertex 92.97299251354715 11.716666666666667 0.25
      vertex 94.84938088841344 8.466666666666667 8.25
      vertex 92.97299251354715 11.716666666666667 8.25
    endloop
  endfacet
  facet normal 0 1 0
    outer loop
      vertex 90.91457531494652 5.216666666666667 6.75
      vertex 89.2202157638146 5.216666666666667 8.25
      vertex 91.32160413868087 5.216666666666667 6.75
    endloop
  endfacet
  facet normal 0 1 0
    outer loop
      vertex 91.32160413868087 5.216666666666667 6.75
      vertex 89.2202157638146 5.216666666666667 8.25
      vertex 92.97299251354715 5.216666666666667 8.25
    endloop
  endfacet
  facet normal 0 -1 0
    outer loop
      vertex 90.91457531494652 11.716666666666667 6.75
      vertex 91.32160413868087 11.716666666666667 6.75
      vertex 92.97299251354715 11.716666666666667 8.25
    endloop
  endfacet
  facet normal 0 -1 0
    outer loop
      vertex 90.91457531494652 11.716666666666667 6.75
      vertex 92.97299251354715 11.716666666666667 8.25
      vertex 89.2202157638146 11.716666666666667 8.25
    endloop
  endfacet
  facet normal 0.866025403784439 0.4999999999999994 0
    outer loop
      vertex 77.36404315276292 5.216666666666667 0.25
      vertex 75.48765477789664 8.466666666666667 0.25
      vertex 75.48765477789664 8.466666666666667 8.25
    endloop
  endfacet
  facet normal 0.866025403784439 -0.4999999999999994 0
    outer loop
      vertex 75.48765477789664 8.466666666666667 0.25
      vertex 77.36404315276292 11.716666666666667 8.25
      vertex 75.48765477789664 8.466666666666667 8.25
    endloop
  endfacet
  facet normal 0 1 0
    outer loop
      vertex 77.36404315276292 5.216666666666667 0.25
      vertex 79.46543152762919 5.216666666666667 1.75
      vertex 81.11681990249548 5.216666666666667 0.25
    endloop
  endfacet
  facet normal 0 1 0
    outer loop
      vertex 77.36404315276292 5.216666666666667 0.25
      vertex 79.05840270389484 5.216666666666667 1.75
      vertex 79.46543152762919 5.216666666666667 1.75
    endloop
  endfacet
  facet normal 0 1 0
    outer loop
      vertex 77.36404315276292 5.216666666666667 0.25
      vertex 79.05840270389484 5.216666666666667 6.75
      vertex 79.05840270389484 5.216666666666667 1.75
    endloop
  endfacet
  facet normal -0.866025403784439 0.4999999999999994 0
    outer loop
      vertex 81.11681990249548 5.216666666666667 0.25
      vertex 81.11681990249548 5.216666666666667 8.25
      vertex 82.99320827736176 8.466666666666667 0.25
    endloop
  endfacet
  facet normal 0 1 0
    outer loop
      vertex 79.46543152762919 5.216666666666667 1.75
      vertex 81.11681990249548 5.216666666666667 8.25
      vertex 81.11681990249548 5.216666666666667 0.25
    endloop
  endfacet
  facet normal 0 1 0
    outer loop
      vertex 77.36404315276292 5.216666666666667 0.25
      vertex 77.36404315276292 5.216666666666667 8.25
      vertex 79.05840270389484 5.216666666666667 6.75
    endloop
  endfacet
  facet normal 0.866025403784439 0.4999999999999994 0
    outer loop
      vertex 77.36404315276292 5.216666666666667 0.25
      vertex 75.48765477789664 8.466666666666667 8.25
      vertex 77.36404315276292 5.216666666666667 8.25
    endloop
  endfacet
  facet normal 0 1 0
    outer loop
      vertex 79.46543152762919 5.216666666666667 1.75
      vertex 79.46543152762919 5.216666666666667 6.75
      vertex 81.11681990249548 5.216666666666667 8.25
    endloop
  endfacet
  facet normal 0 -1 0
    outer loop
      vertex 77.36404315276292 11.716666666666667 0.25
      vertex 81.11681990249548 11.716666666666667 0.25
      vertex 79.46543152762919 11.716666666666667 1.75
    endloop
  endfacet
  facet normal 0 -1 0
    outer loop
      vertex 77.36404315276292 11.716666666666667 0.25
      vertex 79.46543152762919 11.716666666666667 1.75
      vertex 79.05840270389484 11.716666666666667 1.75
    endloop
  endfacet
  facet normal 0.866025403784439 -0.4999999999999994 0
    outer loop
      vertex 75.48765477789664 8.466666666666667 0.25
      vertex 77.36404315276292 11.716666666666667 0.25
      vertex 77.36404315276292 11.716666666666667 8.25
    endloop
  endfacet
  facet normal -0.866025403784439 -0.4999999999999994 0
    outer loop
      vertex 82.99320827736176 8.466666666666667 0.25
      vertex 82.99320827736176 8.466666666666667 8.25
      vertex 81.11681990249548 11.716666666666667 0.25
    endloop
  endfacet
  facet normal 0 -1 0
    outer loop
      vertex 79.46543152762919 11.716666666666667 1.75
      vertex 81.11681990249548 11.716666666666667 0.25
      vertex 79.46543152762919 11.716666666666667 6.75
    endloop
  endfacet
  facet normal -0.866025403784439 0.4999999999999994 0
    outer loop
      vertex 82.99320827736176 8.466666666666667 0.25
      vertex 81.11681990249548 5.216666666666667 8.25
      vertex 82.99320827736176 8.466666666666667 8.25
    endloop
  endfacet
  facet normal 0 -1 0
    outer loop
      vertex 77.36404315276292 11.716666666666667 0.25
      vertex 79.05840270389484 11.716666666666667 1.75
      vertex 77.36404315276292 11.716666666666667 8.25
    endloop
  endfacet
  facet normal 0 -1 0
    outer loop
      vertex 79.05840270389484 11.716666666666667 1.75
      vertex 79.05840270389484 11.716666666666667 6.75
      vertex 77.36404315276292 11.716666666666667 8.25
    endloop
  endfacet
  facet normal -0.866025403784439 -0.4999999999999994 0
    outer loop
      vertex 81.11681990249548 11.716666666666667 0.25
      vertex 82.99320827736176 8.466666666666667 8.25
      vertex 81.11681990249548 11.716666666666667 8.25
    endloop
  endfacet
  facet normal 0 -1 0
    outer loop
      vertex 81.11681990249548 11.716666666666667 0.25
      vertex 81.11681990249548 11.716666666666667 8.25
      vertex 79.46543152762919 11.716666666666667 6.75
    endloop
  endfacet
  facet normal 0 1 0
    outer loop
      vertex 79.05840270389484 5.216666666666667 6.75
      vertex 77.36404315276292 5.216666666666667 8.25
      vertex 79.46543152762919 5.216666666666667 6.75
    endloop
  endfacet
  facet normal 0 1 0
    outer loop
      vertex 79.46543152762919 5.216666666666667 6.75
      vertex 77.36404315276292 5.216666666666667 8.25
      vertex 81.11681990249548 5.216666666666667 8.25
    endloop
  endfacet
  facet normal 0 -1 0
    outer loop
      vertex 79.05840270389484 11.716666666666667 6.75
      vertex 79.46543152762919 11.716666666666667 6.75
      vertex 81.11681990249548 11.716666666666667 8.25
    endloop
  endfacet
  facet normal 0 -1 0
    outer loop
      vertex 79.05840270389484 11.716666666666667 6.75
      vertex 81.11681990249548 11.716666666666667 8.25
      vertex 77.36404315276292 11.716666666666667 8.25
    endloop
  endfacet
  facet normal 0 1 0
    outer loop
      vertex 65.50787054171123 5.216666666666667 0.25
      vertex 67.6092589165775 5.216666666666667 1.75
      vertex 69.26064729144379 5.216666666666667 0.25
    endloop
  endfacet
  facet normal 0 1 0
    outer loop
      vertex 65.50787054171123 5.216666666666667 0.25
      vertex 67.20223009284315 5.216666666666667 1.75
      vertex 67.6092589165775 5.216666666666667 1.75
    endloop
  endfacet
  facet normal 0 1 0
    outer loop
      vertex 65.50787054171123 5.216666666666667 0.25
      vertex 67.20223009284315 5.216666666666667 6.75
      vertex 67.20223009284315 5.216666666666667 1.75
    endloop
  endfacet
  facet normal -0.866025403784439 0.4999999999999994 0
    outer loop
      vertex 69.26064729144379 5.216666666666667 0.25
      vertex 69.26064729144379 5.216666666666667 8.25
      vertex 71.13703566631007 8.466666666666667 0.25
    endloop
  endfacet
  facet normal 0 1 0
    outer loop
      vertex 67.6092589165775 5.216666666666667 1.75
      vertex 69.26064729144379 5.216666666666667 8.25
      vertex 69.26064729144379 5.216666666666667 0.25
    endloop
  endfacet
  facet normal 0 1 0
    outer loop
      vertex 65.50787054171123 5.216666666666667 0.25
      vertex 65.50787054171123 5.216666666666667 8.25
      vertex 67.20223009284315 5.216666666666667 6.75
    endloop
  endfacet
  facet normal 0.8660254037844383 0.5000000000000008 0
    outer loop
      vertex 65.50787054171123 5.216666666666667 0.25
      vertex 63.63148216684494 8.466666666666667 8.25
      vertex 65.50787054171123 5.216666666666667 8.25
    endloop
  endfacet
  facet normal 0 1 0
    outer loop
      vertex 67.6092589165775 5.216666666666667 1.75
      vertex 67.6092589165775 5.216666666666667 6.75
      vertex 69.26064729144379 5.216666666666667 8.25
    endloop
  endfacet
  facet normal 0.8660254037844383 0.5000000000000008 0
    outer loop
      vertex 65.50787054171123 5.216666666666667 0.25
      vertex 63.63148216684494 8.466666666666667 0.25
      vertex 63.63148216684494 8.466666666666667 8.25
    endloop
  endfacet
  facet normal 0 -1 0
    outer loop
      vertex 65.50787054171123 11.716666666666667 0.25
      vertex 69.26064729144379 11.716666666666667 0.25
      vertex 67.6092589165775 11.716666666666667 1.75
    endloop
  endfacet
  facet normal 0 -1 0
    outer loop
      vertex 65.50787054171123 11.716666666666667 0.25
      vertex 67.6092589165775 11.716666666666667 1.75
      vertex 67.20223009284315 11.716666666666667 1.75
    endloop
  endfacet
  facet normal 0.8660254037844383 -0.5000000000000008 0
    outer loop
      vertex 63.63148216684494 8.466666666666667 0.25
      vertex 65.50787054171123 11.716666666666667 0.25
      vertex 65.50787054171123 11.716666666666667 8.25
    endloop
  endfacet
  facet normal 0 -1 0
    outer loop
      vertex 67.6092589165775 11.716666666666667 1.75
      vertex 69.26064729144379 11.716666666666667 0.25
      vertex 67.6092589165775 11.716666666666667 6.75
    endloop
  endfacet
  facet normal -0.866025403784439 -0.4999999999999994 0
    outer loop
      vertex 71.13703566631007 8.466666666666667 0.25
      vertex 71.13703566631007 8.466666666666667 8.25
      vertex 69.26064729144379 11.716666666666667 0.25
    endloop
  endfacet
  facet normal 0 -1 0
    outer loop
      vertex 65.50787054171123 11.716666666666667 0.25
      vertex 67.20223009284315 11.716666666666667 1.75
      vertex 65.50787054171123 11.716666666666667 8.25
    endloop
  endfacet
  facet normal 0.8660254037844383 -0.5000000000000008 0
    outer loop
      vertex 63.63148216684494 8.466666666666667 0.25
      vertex 65.50787054171123 11.716666666666667 8.25
      vertex 63.63148216684494 8.466666666666667 8.25
    endloop
  endfacet
  facet normal 0 -1 0
    outer loop
      vertex 69.26064729144379 11.716666666666667 0.25
      vertex 69.26064729144379 11.716666666666667 8.25
      vertex 67.6092589165775 11.716666666666667 6.75
    endloop
  endfacet
  facet normal 0 -1 0
    outer loop
      vertex 67.20223009284315 11.716666666666667 1.75
      vertex 67.20223009284315 11.716666666666667 6.75
      vertex 65.50787054171123 11.716666666666667 8.25
    endloop
  endfacet
  facet normal -0.866025403784439 0.4999999999999994 0
    outer loop
      vertex 71.13703566631007 8.466666666666667 0.25
      vertex 69.26064729144379 5.216666666666667 8.25
      vertex 71.13703566631007 8.466666666666667 8.25
    endloop
  endfacet
  facet normal -0.866025403784439 -0.4999999999999994 0
    outer loop
      vertex 69.26064729144379 11.716666666666667 0.25
      vertex 71.13703566631007 8.466666666666667 8.25
      vertex 69.26064729144379 11.716666666666667 8.25
    endloop
  endfacet
  facet normal 0 1 0
    outer loop
      vertex 67.20223009284315 5.216666666666667 6.75
      vertex 65.50787054171123 5.216666666666667 8.25
      vertex 67.6092589165775 5.216666666666667 6.75
    endloop
  endfacet
  facet normal 0 1 0
    outer loop
      vertex 67.6092589165775 5.216666666666667 6.75
      vertex 65.50787054171123 5.216666666666667 8.25
      vertex 69.26064729144379 5.216666666666667 8.25
    endloop
  endfacet
  facet normal 0 -1 0
    outer loop
      vertex 67.20223009284315 11.716666666666667 6.75
      vertex 67.6092589165775 11.716666666666667 6.75
      vertex 69.26064729144379 11.716666666666667 8.25
    endloop
  endfacet
  facet normal 0 -1 0
    outer loop
      vertex 67.20223009284315 11.716666666666667 6.75
      vertex 69.26064729144379 11.716666666666667 8.25
      vertex 65.50787054171123 11.716666666666667 8.25
    endloop
  endfacet
  facet normal 0 1 0
    outer loop
      vertex 53.65169793065955 5.216666666666667 0.25
      vertex 55.753086305525834 5.216666666666667 1.75
      vertex 57.40447468039211 5.216666666666667 0.25
    endloop
  endfacet
  facet normal 0 1 0
    outer loop
      vertex 53.65169793065955 5.216666666666667 0.25
      vertex 55.34605748179147 5.216666666666667 1.75
      vertex 55.753086305525834 5.216666666666667 1.75
    endloop
  endfacet
  facet normal 0 1 0
    outer loop
      vertex 53.65169793065955 5.216666666666667 0.25
      vertex 55.34605748179147 5.216666666666667 6.75
      vertex 55.34605748179147 5.216666666666667 1.75
    endloop
  endfacet
  facet normal -0.8660254037844383 0.5000000000000008 0
    outer loop
      vertex 57.40447468039211 5.216666666666667 0.25
      vertex 57.40447468039211 5.216666666666667 8.25
      vertex 59.2808630552584 8.466666666666667 0.25
    endloop
  endfacet
  facet normal 0 1 0
    outer loop
      vertex 53.65169793065955 5.216666666666667 0.25
      vertex 53.65169793065955 5.216666666666667 8.25
      vertex 55.34605748179147 5.216666666666667 6.75
    endloop
  endfacet
  facet normal 0.8660254037844383 0.5000000000000008 0
    outer loop
      vertex 53.65169793065955 5.216666666666667 0.25
      vertex 51.775309555793264 8.466666666666667 8.25
      vertex 53.65169793065955 5.216666666666667 8.25
    endloop
  endfacet
  facet normal 0 1 0
    outer loop
      vertex 55.753086305525834 5.216666666666667 1.75
      vertex 57.40447468039211 5.216666666666667 8.25
      vertex 57.40447468039211 5.216666666666667 0.25
    endloop
  endfacet
  facet normal 0 1 0
    outer loop
      vertex 55.753086305525834 5.216666666666667 1.75
      vertex 55.753086305525834 5.216666666666667 6.75
      vertex 57.40447468039211 5.216666666666667 8.25
    endloop
  endfacet
  facet normal 0.8660254037844383 0.5000000000000008 0
    outer loop
      vertex 53.65169793065955 5.216666666666667 0.25
      vertex 51.775309555793264 8.466666666666667 0.25
      vertex 51.775309555793264 8.466666666666667 8.25
    endloop
  endfacet
  facet normal 0 -1 0
    outer loop
      vertex 53.65169793065955 11.716666666666667 0.25
      vertex 57.40447468039211 11.716666666666667 0.25
      vertex 55.753086305525834 11.716666666666667 1.75
    endloop
  endfacet
  facet normal 0 -1 0
    outer loop
      vertex 53.65169793065955 11.716666666666667 0.25
      vertex 55.753086305525834 11.716666666666667 1.75
      vertex 55.34605748179147 11.716666666666667 1.75
    endloop
  endfacet
  facet normal 0.8660254037844383 -0.5000000000000008 0
    outer loop
      vertex 51.775309555793264 8.466666666666667 0.25
      vertex 53.65169793065955 11.716666666666667 0.25
      vertex 53.65169793065955 11.716666666666667 8.25
    endloop
  endfacet
  facet normal -0.8660254037844383 -0.5000000000000008 0
    outer loop
      vertex 59.2808630552584 8.466666666666667 0.25
      vertex 59.2808630552584 8.466666666666667 8.25
      vertex 57.40447468039211 11.716666666666667 0.25
    endloop
  endfacet
  facet normal 0 -1 0
    outer loop
      vertex 55.753086305525834 11.716666666666667 1.75
      vertex 57.40447468039211 11.716666666666667 0.25
      vertex 55.753086305525834 11.716666666666667 6.75
    endloop
  endfacet
  facet normal 0 -1 0
    outer loop
      vertex 53.65169793065955 11.716666666666667 0.25
      vertex 55.34605748179147 11.716666666666667 1.75
      vertex 53.65169793065955 11.716666666666667 8.25
    endloop
  endfacet
  facet normal 0.8660254037844383 -0.5000000000000008 0
    outer loop
      vertex 51.775309555793264 8.466666666666667 0.25
      vertex 53.65169793065955 11.716666666666667 8.25
      vertex 51.775309555793264 8.466666666666667 8.25
    endloop
  endfacet
  facet normal 0 -1 0
    outer loop
      vertex 55.34605748179147 11.716666666666667 1.75
      vertex 55.34605748179147 11.716666666666667 6.75
      vertex 53.65169793065955 11.716666666666667 8.25
    endloop
  endfacet
  facet normal -0.8660254037844383 0.5000000000000008 0
    outer loop
      vertex 59.2808630552584 8.466666666666667 0.25
      vertex 57.40447468039211 5.216666666666667 8.25
      vertex 59.2808630552584 8.466666666666667 8.25
    endloop
  endfacet
  facet normal -0.8660254037844383 -0.5000000000000008 0
    outer loop
      vertex 57.40447468039211 11.716666666666667 0.25
      vertex 59.2808630552584 8.466666666666667 8.25
      vertex 57.40447468039211 11.716666666666667 8.25
    endloop
  endfacet
  facet normal 0 -1 0
    outer loop
      vertex 57.40447468039211 11.716666666666667 0.25
      vertex 57.40447468039211 11.716666666666667 8.25
      vertex 55.753086305525834 11.716666666666667 6.75
    endloop
  endfacet
  facet normal 0 1 0
    outer loop
      vertex 55.34605748179147 5.216666666666667 6.75
      vertex 53.65169793065955 5.216666666666667 8.25
      vertex 55.753086305525834 5.216666666666667 6.75
    endloop
  endfacet
  facet normal 0 1 0
    outer loop
      vertex 55.753086305525834 5.216666666666667 6.75
      vertex 53.65169793065955 5.216666666666667 8.25
      vertex 57.40447468039211 5.216666666666667 8.25
    endloop
  endfacet
  facet normal 0 -1 0
    outer loop
      vertex 55.34605748179147 11.716666666666667 6.75
      vertex 55.753086305525834 11.716666666666667 6.75
      vertex 57.40447468039211 11.716666666666667 8.25
    endloop
  endfacet
  facet normal 0 -1 0
    outer loop
      vertex 55.34605748179147 11.716666666666667 6.75
      vertex 57.40447468039211 11.716666666666667 8.25
      vertex 53.65169793065955 11.716666666666667 8.25
    endloop
  endfacet
  facet normal 0 1 0
    outer loop
      vertex 41.795525319607876 5.216666666666667 0.25
      vertex 43.89691369447416 5.216666666666667 1.75
      vertex 45.54830206934044 5.216666666666667 0.25
    endloop
  endfacet
  facet normal 0 1 0
    outer loop
      vertex 41.795525319607876 5.216666666666667 0.25
      vertex 43.48988487073979 5.216666666666667 1.75
      vertex 43.89691369447416 5.216666666666667 1.75
    endloop
  endfacet
  facet normal 0 1 0
    outer loop
      vertex 41.795525319607876 5.216666666666667 0.25
      vertex 43.48988487073979 5.216666666666667 6.75
      vertex 43.48988487073979 5.216666666666667 1.75
    endloop
  endfacet
  facet normal -0.8660254037844383 0.5000000000000008 0
    outer loop
      vertex 45.54830206934044 5.216666666666667 0.25
      vertex 45.54830206934044 5.216666666666667 8.25
      vertex 47.424690444206725 8.466666666666667 0.25
    endloop
  endfacet
  facet normal 0 1 0
    outer loop
      vertex 41.795525319607876 5.216666666666667 0.25
      vertex 41.795525319607876 5.216666666666667 8.25
      vertex 43.48988487073979 5.216666666666667 6.75
    endloop
  endfacet
  facet normal 0.8660254037844383 0.5000000000000008 0
    outer loop
      vertex 41.795525319607876 5.216666666666667 0.25
      vertex 39.91913694474159 8.466666666666667 8.25
      vertex 41.795525319607876 5.216666666666667 8.25
    endloop
  endfacet
  facet normal 0 1 0
    outer loop
      vertex 45.54830206934044 5.216666666666667 0.25
      vertex 43.89691369447416 5.216666666666667 1.75
      vertex 45.54830206934044 5.216666666666667 8.25
    endloop
  endfacet
  facet normal 0 1 0
    outer loop
      vertex 43.89691369447416 5.216666666666667 1.75
      vertex 43.89691369447416 5.216666666666667 6.75
      vertex 45.54830206934044 5.216666666666667 8.25
    endloop
  endfacet
  facet normal 0.8660254037844383 0.5000000000000008 0
    outer loop
      vertex 41.795525319607876 5.216666666666667 0.25
      vertex 39.91913694474159 8.466666666666667 0.25
      vertex 39.91913694474159 8.466666666666667 8.25
    endloop
  endfacet
  facet normal 0.8660254037844383 -0.5000000000000008 0
    outer loop
      vertex 39.91913694474159 8.466666666666667 0.25
      vertex 41.795525319607876 11.716666666666667 0.25
      vertex 41.795525319607876 11.716666666666667 8.25
    endloop
  endfacet
  facet normal 0 -1 0
    outer loop
      vertex 41.795525319607876 11.716666666666667 0.25
      vertex 45.54830206934044 11.716666666666667 0.25
      vertex 43.89691369447416 11.716666666666667 1.75
    endloop
  endfacet
  facet normal 0 -1 0
    outer loop
      vertex 41.795525319607876 11.716666666666667 0.25
      vertex 43.89691369447416 11.716666666666667 1.75
      vertex 43.48988487073979 11.716666666666667 1.75
    endloop
  endfacet
  facet normal 0 -1 0
    outer loop
      vertex 45.54830206934044 11.716666666666667 0.25
      vertex 43.89691369447416 11.716666666666667 6.75
      vertex 43.89691369447416 11.716666666666667 1.75
    endloop
  endfacet
  facet normal -0.8660254037844383 -0.5000000000000008 0
    outer loop
      vertex 47.424690444206725 8.466666666666667 0.25
      vertex 47.424690444206725 8.466666666666667 8.25
      vertex 45.54830206934044 11.716666666666667 0.25
    endloop
  endfacet
  facet normal 0 -1 0
    outer loop
      vertex 41.795525319607876 11.716666666666667 0.25
      vertex 43.48988487073979 11.716666666666667 1.75
      vertex 41.795525319607876 11.716666666666667 8.25
    endloop
  endfacet
  facet normal 0.8660254037844383 -0.5000000000000008 0
    outer loop
      vertex 39.91913694474159 8.466666666666667 0.25
      vertex 41.795525319607876 11.716666666666667 8.25
      vertex 39.91913694474159 8.466666666666667 8.25
    endloop
  endfacet
  facet normal -0.8660254037844383 0.5000000000000008 0
    outer loop
      vertex 47.424690444206725 8.466666666666667 0.25
      vertex 45.54830206934044 5.216666666666667 8.25
      vertex 47.424690444206725 8.466666666666667 8.25
    endloop
  endfacet
  facet normal -0.8660254037844383 -0.5000000000000008 0
    outer loop
      vertex 45.54830206934044 11.716666666666667 0.25
      vertex 47.424690444206725 8.466666666666667 8.25
      vertex 45.54830206934044 11.716666666666667 8.25
    endloop
  endfacet
  facet normal 0 -1 0
    outer loop
      vertex 45.54830206934044 11.716666666666667 0.25
      vertex 45.54830206934044 11.716666666666667 8.25
      vertex 43.89691369447416 11.716666666666667 6.75
    endloop
  endfacet
  facet normal 0 -1 0
    outer loop
      vertex 43.48988487073979 11.716666666666667 1.75
      vertex 43.48988487073979 11.716666666666667 6.75
      vertex 41.795525319607876 11.716666666666667 8.25
    endloop
  endfacet
  facet normal 0 1 0
    outer loop
      vertex 41.795525319607876 5.216666666666667 8.25
      vertex 43.89691369447416 5.216666666666667 6.75
      vertex 43.48988487073979 5.216666666666667 6.75
    endloop
  endfacet
  facet normal 0 1 0
    outer loop
      vertex 41.795525319607876 5.216666666666667 8.25
      vertex 45.54830206934044 5.216666666666667 8.25
      vertex 43.89691369447416 5.216666666666667 6.75
    endloop
  endfacet
  facet normal 0 -1 0
    outer loop
      vertex 43.48988487073979 11.716666666666667 6.75
      vertex 43.89691369447416 11.716666666666667 6.75
      vertex 45.54830206934044 11.716666666666667 8.25
    endloop
  endfacet
  facet normal 0 -1 0
    outer loop
      vertex 41.795525319607876 11.716666666666667 8.25
      vertex 43.48988487073979 11.716666666666667 6.75
      vertex 45.54830206934044 11.716666666666667 8.25
    endloop
  endfacet
  facet normal 0 1 0
    outer loop
      vertex 29.93935270855619 5.216666666666667 0.25
      vertex 32.040741083422475 5.216666666666667 1.75
      vertex 33.692129458288754 5.216666666666667 0.25
    endloop
  endfacet
  facet normal 0 1 0
    outer loop
      vertex 29.93935270855619 5.216666666666667 0.25
      vertex 31.63371225968811 5.216666666666667 1.75
      vertex 32.040741083422475 5.216666666666667 1.75
    endloop
  endfacet
  facet normal 0 1 0
    outer loop
      vertex 29.93935270855619 5.216666666666667 0.25
      vertex 31.63371225968811 5.216666666666667 6.75
      vertex 31.63371225968811 5.216666666666667 1.75
    endloop
  endfacet
  facet normal -0.8660254037844383 0.5000000000000008 0
    outer loop
      vertex 33.692129458288754 5.216666666666667 0.25
      vertex 33.692129458288754 5.216666666666667 8.25
      vertex 35.56851783315504 8.466666666666667 0.25
    endloop
  endfacet
  facet normal 0.8660254037844386 0.5000000000000001 0
    outer loop
      vertex 29.93935270855619 5.216666666666667 0.25
      vertex 28.062964333689905 8.466666666666667 8.25
      vertex 29.93935270855619 5.216666666666667 8.25
    endloop
  endfacet
  facet normal 0 1 0
    outer loop
      vertex 33.692129458288754 5.216666666666667 0.25
      vertex 32.040741083422475 5.216666666666667 1.75
      vertex 33.692129458288754 5.216666666666667 8.25
    endloop
  endfacet
  facet normal 0 1 0
    outer loop
      vertex 29.93935270855619 5.216666666666667 0.25
      vertex 29.93935270855619 5.216666666666667 8.25
      vertex 31.63371225968811 5.216666666666667 6.75
    endloop
  endfacet
  facet normal 0 1 0
    outer loop
      vertex 32.040741083422475 5.216666666666667 1.75
      vertex 32.040741083422475 5.216666666666667 6.75
      vertex 33.692129458288754 5.216666666666667 8.25
    endloop
  endfacet
  facet normal 0.8660254037844386 0.5000000000000001 0
    outer loop
      vertex 29.93935270855619 5.216666666666667 0.25
      vertex 28.062964333689905 8.466666666666667 0.25
      vertex 28.062964333689905 8.466666666666667 8.25
    endloop
  endfacet
  facet normal 0.8660254037844386 -0.5000000000000001 0
    outer loop
      vertex 28.062964333689905 8.466666666666667 0.25
      vertex 29.93935270855619 11.716666666666667 0.25
      vertex 29.93935270855619 11.716666666666667 8.25
    endloop
  endfacet
  facet normal 0 -1 0
    outer loop
      vertex 29.93935270855619 11.716666666666667 0.25
      vertex 33.692129458288754 11.716666666666667 0.25
      vertex 32.040741083422475 11.716666666666667 1.75
    endloop
  endfacet
  facet normal 0 -1 0
    outer loop
      vertex 29.93935270855619 11.716666666666667 0.25
      vertex 32.040741083422475 11.716666666666667 1.75
      vertex 31.63371225968811 11.716666666666667 1.75
    endloop
  endfacet
  facet normal 0 -1 0
    outer loop
      vertex 33.692129458288754 11.716666666666667 0.25
      vertex 32.040741083422475 11.716666666666667 6.75
      vertex 32.040741083422475 11.716666666666667 1.75
    endloop
  endfacet
  facet normal -0.8660254037844383 -0.5000000000000008 0
    outer loop
      vertex 35.56851783315504 8.466666666666667 0.25
      vertex 35.56851783315504 8.466666666666667 8.25
      vertex 33.692129458288754 11.716666666666667 0.25
    endloop
  endfacet
  facet normal 0.8660254037844386 -0.5000000000000001 0
    outer loop
      vertex 28.062964333689905 8.466666666666667 0.25
      vertex 29.93935270855619 11.716666666666667 8.25
      vertex 28.062964333689905 8.466666666666667 8.25
    endloop
  endfacet
  facet normal -0.8660254037844383 0.5000000000000008 0
    outer loop
      vertex 35.56851783315504 8.466666666666667 0.25
      vertex 33.692129458288754 5.216666666666667 8.25
      vertex 35.56851783315504 8.466666666666667 8.25
    endloop
  endfacet
  facet normal 0 -1 0
    outer loop
      vertex 29.93935270855619 11.716666666666667 0.25
      vertex 31.63371225968811 11.716666666666667 1.75
      vertex 29.93935270855619 11.716666666666667 8.25
    endloop
  endfacet
  facet normal 0 -1 0
    outer loop
      vertex 31.63371225968811 11.716666666666667 1.75
      vertex 31.63371225968811 11.716666666666667 6.75
      vertex 29.93935270855619 11.716666666666667 8.25
    endloop
  endfacet
  facet normal -0.8660254037844383 -0.5000000000000008 0
    outer loop
      vertex 33.692129458288754 11.716666666666667 0.25
      vertex 35.56851783315504 8.466666666666667 8.25
      vertex 33.692129458288754 11.716666666666667 8.25
    endloop
  endfacet
  facet normal 0 -1 0
    outer loop
      vertex 33.692129458288754 11.716666666666667 0.25
      vertex 33.692129458288754 11.716666666666667 8.25
      vertex 32.040741083422475 11.716666666666667 6.75
    endloop
  endfacet
  facet normal 0 1 0
    outer loop
      vertex 29.93935270855619 5.216666666666667 8.25
      vertex 32.040741083422475 5.216666666666667 6.75
      vertex 31.63371225968811 5.216666666666667 6.75
    endloop
  endfacet
  facet normal 0 1 0
    outer loop
      vertex 29.93935270855619 5.216666666666667 8.25
      vertex 33.692129458288754 5.216666666666667 8.25
      vertex 32.040741083422475 5.216666666666667 6.75
    endloop
  endfacet
  facet normal 0 -1 0
    outer loop
      vertex 31.63371225968811 11.716666666666667 6.75
      vertex 32.040741083422475 11.716666666666667 6.75
      vertex 33.692129458288754 11.716666666666667 8.25
    endloop
  endfacet
  facet normal 0 -1 0
    outer loop
      vertex 29.93935270855619 11.716666666666667 8.25
      vertex 31.63371225968811 11.716666666666667 6.75
      vertex 33.692129458288754 11.716666666666667 8.25
    endloop
  endfacet
  facet normal 0 1 0
    outer loop
      vertex 6.227007486452829 5.216666666666667 0.25
      vertex 8.328395861319112 5.216666666666667 1.75
      vertex 9.979784236185397 5.216666666666667 0.25
    endloop
  endfacet
  facet normal 0 1 0
    outer loop
      vertex 6.227007486452829 5.216666666666667 0.25
      vertex 7.92136703758475 5.216666666666667 1.75
      vertex 8.328395861319112 5.216666666666667 1.75
    endloop
  endfacet
  facet normal 0 1 0
    outer loop
      vertex 6.227007486452829 5.216666666666667 0.25
      vertex 7.92136703758475 5.216666666666667 6.75
      vertex 7.92136703758475 5.216666666666667 1.75
    endloop
  endfacet
  facet normal 0 1 0
    outer loop
      vertex 9.979784236185397 5.216666666666667 0.25
      vertex 8.328395861319112 5.216666666666667 1.75
      vertex 9.979784236185397 5.216666666666667 8.25
    endloop
  endfacet
  facet normal 0.8660254037844386 0.4999999999999999 0
    outer loop
      vertex 6.227007486452829 5.216666666666667 0.25
      vertex 4.350619111586545 8.466666666666667 8.25
      vertex 6.227007486452829 5.216666666666667 8.25
    endloop
  endfacet
  facet normal 0 1 0
    outer loop
      vertex 6.227007486452829 5.216666666666667 0.25
      vertex 6.227007486452829 5.216666666666667 8.25
      vertex 7.92136703758475 5.216666666666667 6.75
    endloop
  endfacet
  facet normal 0 1 0
    outer loop
      vertex 8.328395861319112 5.216666666666667 1.75
      vertex 8.328395861319112 5.216666666666667 6.75
      vertex 9.979784236185397 5.216666666666667 8.25
    endloop
  endfacet
  facet normal 0.8660254037844386 0.4999999999999999 7.396010332244476e-18
    outer loop
      vertex 6.227007486452829 5.216666666666667 0.25
      vertex 4.350619111586545 8.466666666666667 0.25
      vertex 4.350619111586545 8.466666666666667 8.25
    endloop
  endfacet
  facet normal 0 -1 0
    outer loop
      vertex 6.227007486452829 11.716666666666667 0.25
      vertex 9.979784236185397 11.716666666666667 0.25
      vertex 8.328395861319112 11.716666666666667 1.75
    endloop
  endfacet
  facet normal 0 -1 0
    outer loop
      vertex 6.227007486452829 11.716666666666667 0.25
      vertex 8.328395861319112 11.716666666666667 1.75
      vertex 7.92136703758475 11.716666666666667 1.75
    endloop
  endfacet
  facet normal 0.8660254037844386 -0.4999999999999999 -7.396010332244476e-18
    outer loop
      vertex 4.350619111586545 8.466666666666667 0.25
      vertex 6.227007486452829 11.716666666666667 0.25
      vertex 6.227007486452829 11.716666666666667 8.25
    endloop
  endfacet
  facet normal 0 -1 0
    outer loop
      vertex 9.979784236185397 11.716666666666667 0.25
      vertex 8.328395861319112 11.716666666666667 6.75
      vertex 8.328395861319112 11.716666666666667 1.75
    endloop
  endfacet
  facet normal 0 -1 0
    outer loop
      vertex 6.227007486452829 11.716666666666667 0.25
      vertex 7.92136703758475 11.716666666666667 1.75
      vertex 6.227007486452829 11.716666666666667 8.25
    endloop
  endfacet
  facet normal 0.8660254037844386 -0.4999999999999999 0
    outer loop
      vertex 4.350619111586545 8.466666666666667 0.25
      vertex 6.227007486452829 11.716666666666667 8.25
      vertex 4.350619111586545 8.466666666666667 8.25
    endloop
  endfacet
  facet normal 0 -1 0
    outer loop
      vertex 9.979784236185397 11.716666666666667 0.25
      vertex 9.979784236185397 11.716666666666667 8.25
      vertex 8.328395861319112 11.716666666666667 6.75
    endloop
  endfacet
  facet normal 0 -1 0
    outer loop
      vertex 7.92136703758475 11.716666666666667 1.75
      vertex 7.92136703758475 11.716666666666667 6.75
      vertex 6.227007486452829 11.716666666666667 8.25
    endloop
  endfacet
  facet normal -0.8660254037844387 0.4999999999999997 0
    outer loop
      vertex 9.979784236185397 5.216666666666667 0.25
      vertex 9.979784236185397 5.216666666666667 8.25
      vertex 11.85617261105168 8.466666666666667 0.25
    endloop
  endfacet
  facet normal -0.8660254037844387 -0.4999999999999997 0
    outer loop
      vertex 11.85617261105168 8.466666666666667 0.25
      vertex 11.85617261105168 8.466666666666667 8.25
      vertex 9.979784236185397 11.716666666666667 0.25
    endloop
  endfacet
  facet normal -0.8660254037844387 0.4999999999999997 0
    outer loop
      vertex 11.85617261105168 8.466666666666667 0.25
      vertex 9.979784236185397 5.216666666666667 8.25
      vertex 11.85617261105168 8.466666666666667 8.25
    endloop
  endfacet
  facet normal -0.8660254037844387 -0.4999999999999997 0
    outer loop
      vertex 9.979784236185397 11.716666666666667 0.25
      vertex 11.85617261105168 8.466666666666667 8.25
      vertex 9.979784236185397 11.716666666666667 8.25
    endloop
  endfacet
  facet normal 0 1 0
    outer loop
      vertex 7.92136703758475 5.216666666666667 6.75
      vertex 6.227007486452829 5.216666666666667 8.25
      vertex 8.328395861319112 5.216666666666667 6.75
    endloop
  endfacet
  facet normal 0 1 0
    outer loop
      vertex 8.328395861319112 5.216666666666667 6.75
      vertex 6.227007486452829 5.216666666666667 8.25
      vertex 9.979784236185397 5.216666666666667 8.25
    endloop
  endfacet
  facet normal 0 -1 0
    outer loop
      vertex 7.92136703758475 11.716666666666667 6.75
      vertex 8.328395861319112 11.716666666666667 6.75
      vertex 9.979784236185397 11.716666666666667 8.25
    endloop
  endfacet
  facet normal 0 -1 0
    outer loop
      vertex 7.92136703758475 11.716666666666667 6.75
      vertex 9.979784236185397 11.716666666666667 8.25
      vertex 6.227007486452829 11.716666666666667 8.25
    endloop
  endfacet
  facet normal 0 1 0
    outer loop
      vertex 18.083180097504506 5.216666666666667 0.25
      vertex 19.777539648636427 5.216666666666667 1.75
      vertex 20.184568472370792 5.216666666666667 1.75
    endloop
  endfacet
  facet normal 0 1 0
    outer loop
      vertex 18.083180097504506 5.216666666666667 0.25
      vertex 20.184568472370792 5.216666666666667 1.75
      vertex 21.835956847237075 5.216666666666667 0.25
    endloop
  endfacet
  facet normal 0 1 0
    outer loop
      vertex 18.083180097504506 5.216666666666667 0.25
      vertex 19.777539648636427 5.216666666666667 6.75
      vertex 19.777539648636427 5.216666666666667 1.75
    endloop
  endfacet
  facet normal -0.8660254037844386 0.5000000000000001 0
    outer loop
      vertex 21.835956847237075 5.216666666666667 0.25
      vertex 21.835956847237075 5.216666666666667 8.25
      vertex 23.71234522210336 8.466666666666667 0.25
    endloop
  endfacet
  facet normal 0 1 0
    outer loop
      vertex 21.835956847237075 5.216666666666667 0.25
      vertex 20.184568472370792 5.216666666666667 1.75
      vertex 21.835956847237075 5.216666666666667 8.25
    endloop
  endfacet
  facet normal 0 1 0
    outer loop
      vertex 18.083180097504506 5.216666666666667 0.25
      vertex 18.083180097504506 5.216666666666667 8.25
      vertex 19.777539648636427 5.216666666666667 6.75
    endloop
  endfacet
  facet normal 0.8660254037844386 0.5000000000000001 0
    outer loop
      vertex 18.083180097504506 5.216666666666667 0.25
      vertex 16.206791722638222 8.466666666666667 8.25
      vertex 18.083180097504506 5.216666666666667 8.25
    endloop
  endfacet
  facet normal 0 1 0
    outer loop
      vertex 20.184568472370792 5.216666666666667 1.75
      vertex 20.184568472370792 5.216666666666667 6.75
      vertex 21.835956847237075 5.216666666666667 8.25
    endloop
  endfacet
  facet normal 0.8660254037844386 0.5000000000000001 0
    outer loop
      vertex 18.083180097504506 5.216666666666667 0.25
      vertex 16.206791722638222 8.466666666666667 0.25
      vertex 16.206791722638222 8.466666666666667 8.25
    endloop
  endfacet
  facet normal 0 -1 0
    outer loop
      vertex 18.083180097504506 11.716666666666667 0.25
      vertex 20.184568472370792 11.716666666666667 1.75
      vertex 19.777539648636427 11.716666666666667 1.75
    endloop
  endfacet
  facet normal 0 -1 0
    outer loop
      vertex 18.083180097504506 11.716666666666667 0.25
      vertex 21.835956847237075 11.716666666666667 0.25
      vertex 20.184568472370792 11.716666666666667 1.75
    endloop
  endfacet
  facet normal 0.8660254037844386 -0.5000000000000001 0
    outer loop
      vertex 16.206791722638222 8.466666666666667 0.25
      vertex 18.083180097504506 11.716666666666667 0.25
      vertex 18.083180097504506 11.716666666666667 8.25
    endloop
  endfacet
  facet normal 0 -1 0
    outer loop
      vertex 21.835956847237075 11.716666666666667 0.25
      vertex 20.184568472370792 11.716666666666667 6.75
      vertex 20.184568472370792 11.716666666666667 1.75
    endloop
  endfacet
  facet normal 0 -1 0
    outer loop
      vertex 18.083180097504506 11.716666666666667 0.25
      vertex 19.777539648636427 11.716666666666667 1.75
      vertex 18.083180097504506 11.716666666666667 8.25
    endloop
  endfacet
  facet normal 0.8660254037844386 -0.5000000000000001 0
    outer loop
      vertex 16.206791722638222 8.466666666666667 0.25
      vertex 18.083180097504506 11.716666666666667 8.25
      vertex 16.206791722638222 8.466666666666667 8.25
    endloop
  endfacet
  facet normal 0 -1 0
    outer loop
      vertex 19.777539648636427 11.716666666666667 1.75
      vertex 19.777539648636427 11.716666666666667 6.75
      vertex 18.083180097504506 11.716666666666667 8.25
    endloop
  endfacet
  facet normal -0.8660254037844386 -0.5000000000000001 0
    outer loop
      vertex 21.835956847237075 11.716666666666667 0.25
      vertex 23.71234522210336 8.466666666666667 8.25
      vertex 21.835956847237075 11.716666666666667 8.25
    endloop
  endfacet
  facet normal 0 -1 0
    outer loop
      vertex 21.835956847237075 11.716666666666667 0.25
      vertex 21.835956847237075 11.716666666666667 8.25
      vertex 20.184568472370792 11.716666666666667 6.75
    endloop
  endfacet
  facet normal 0 1 0
    outer loop
      vertex 18.083180097504506 5.216666666666667 8.25
      vertex 20.184568472370792 5.216666666666667 6.75
      vertex 19.777539648636427 5.216666666666667 6.75
    endloop
  endfacet
  facet normal 0 1 0
    outer loop
      vertex 18.083180097504506 5.216666666666667 8.25
      vertex 21.835956847237075 5.216666666666667 8.25
      vertex 20.184568472370792 5.216666666666667 6.75
    endloop
  endfacet
  facet normal 0 -1 0
    outer loop
      vertex 19.777539648636427 11.716666666666667 6.75
      vertex 20.184568472370792 11.716666666666667 6.75
      vertex 21.835956847237075 11.716666666666667 8.25
    endloop
  endfacet
  facet normal 0 -1 0
    outer loop
      vertex 18.083180097504506 11.716666666666667 8.25
      vertex 19.777539648636427 11.716666666666667 6.75
      vertex 21.835956847237075 11.716666666666667 8.25
    endloop
  endfacet
  facet normal -0.8660254037844386 -0.5000000000000001 0
    outer loop
      vertex 23.71234522210336 8.466666666666667 0.25
      vertex 23.71234522210336 8.466666666666667 8.25
      vertex 21.835956847237075 11.716666666666667 0.25
    endloop
  endfacet
  facet normal -0.8660254037844386 0.5000000000000001 0
    outer loop
      vertex 23.71234522210336 8.466666666666667 0.25
      vertex 21.835956847237075 5.216666666666667 8.25
      vertex 23.71234522210336 8.466666666666667 8.25
    endloop
  endfacet
  facet normal 0 0 1
    outer loop
      vertex 89.2202157638146 22.15 8.25
      vertex 89.2202157638146 28.65 8.25
      vertex 87.34382738894831 25.4 8.25
    endloop
  endfacet
  facet normal 0.866025403784439 0.4999999999999994 0
    outer loop
      vertex 89.2202157638146 22.15 8.25
      vertex 87.34382738894831 25.4 8.25
      vertex 87.34382738894831 25.4 16.25
    endloop
  endfacet
  facet normal 0 1 0
    outer loop
      vertex 89.2202157638146 22.15 8.25
      vertex 91.32160413868087 22.15 9.75
      vertex 92.97299251354715 22.15 8.25
    endloop
  endfacet
  facet normal 0 0 1
    outer loop
      vertex 89.2202157638146 22.15 8.25
      vertex 92.97299251354715 22.15 8.25
      vertex 92.97299251354715 28.65 8.25
    endloop
  endfacet
  facet normal 0 0 1
    outer loop
      vertex 92.97299251354715 22.15 8.25
      vertex 94.84938088841344 25.4 8.25
      vertex 92.97299251354715 28.65 8.25
    endloop
  endfacet
  facet normal 0 1 0
    outer loop
      vertex 89.2202157638146 22.15 8.25
      vertex 90.91457531494652 22.15 9.75
      vertex 91.32160413868087 22.15 9.75
    endloop
  endfacet
  facet normal 0 1 0
    outer loop
      vertex 89.2202157638146 22.15 8.25
      vertex 90.91457531494652 22.15 14.75
      vertex 90.91457531494652 22.15 9.75
    endloop
  endfacet
  facet normal 0 1 0
    outer loop
      vertex 92.97299251354715 22.15 8.25
      vertex 91.32160413868087 22.15 9.75
      vertex 92.97299251354715 22.15 16.25
    endloop
  endfacet
  facet normal -0.866025403784439 0.4999999999999994 0
    outer loop
      vertex 92.97299251354715 22.15 8.25
      vertex 92.97299251354715 22.15 16.25
      vertex 94.84938088841344 25.4 8.25
    endloop
  endfacet
  facet normal 0.866025403784439 0.4999999999999994 0
    outer loop
      vertex 89.2202157638146 22.15 8.25
      vertex 87.34382738894831 25.4 16.25
      vertex 89.2202157638146 22.15 16.25
    endloop
  endfacet
  facet normal 0 1 0
    outer loop
      vertex 89.2202157638146 22.15 8.25
      vertex 89.2202157638146 22.15 16.25
      vertex 90.91457531494652 22.15 14.75
    endloop
  endfacet
  facet normal 0 1 0
    outer loop
      vertex 91.32160413868087 22.15 9.75
      vertex 91.32160413868087 22.15 14.75
      vertex 92.97299251354715 22.15 16.25
    endloop
  endfacet
  facet normal -0.866025403784439 0.4999999999999994 0
    outer loop
      vertex 92.97299251354715 22.15 16.25
      vertex 94.84938088841344 25.4 16.25
      vertex 94.84938088841344 25.4 8.25
    endloop
  endfacet
  facet normal 0 1 0
    outer loop
      vertex 90.91457531494652 22.15 14.75
      vertex 89.2202157638146 22.15 16.25
      vertex 91.32160413868087 22.15 14.75
    endloop
  endfacet
  facet normal 0 1 0
    outer loop
      vertex 91.32160413868087 22.15 14.75
      vertex 89.2202157638146 22.15 16.25
      vertex 92.97299251354715 22.15 16.25
    endloop
  endfacet
  facet normal 0.866025403784439 -0.4999999999999994 0
    outer loop
      vertex 87.34382738894831 25.4 8.25
      vertex 89.2202157638146 28.65 8.25
      vertex 89.2202157638146 28.65 16.25
    endloop
  endfacet
  facet normal 0 0 1
    outer loop
      vertex 89.2202157638146 22.15 8.25
      vertex 92.97299251354715 28.65 8.25
      vertex 89.2202157638146 28.65 8.25
    endloop
  endfacet
  facet normal 0 -1 0
    outer loop
      vertex 89.2202157638146 28.65 8.25
      vertex 92.97299251354715 28.65 8.25
      vertex 91.32160413868087 28.65 9.75
    endloop
  endfacet
  facet normal -0.866025403784439 -0.4999999999999994 0
    outer loop
      vertex 92.97299251354715 28.65 8.25
      vertex 94.84938088841344 25.4 8.25
      vertex 94.84938088841344 25.4 16.25
    endloop
  endfacet
  facet normal 0 -1 0
    outer loop
      vertex 89.2202157638146 28.65 8.25
      vertex 91.32160413868087 28.65 9.75
      vertex 90.91457531494652 28.65 9.75
    endloop
  endfacet
  facet normal 0 -1 0
    outer loop
      vertex 92.97299251354715 28.65 8.25
      vertex 91.32160413868087 28.65 14.75
      vertex 91.32160413868087 28.65 9.75
    endloop
  endfacet
  facet normal 0 -1 0
    outer loop
      vertex 89.2202157638146 28.65 8.25
      vertex 90.91457531494652 28.65 9.75
      vertex 89.2202157638146 28.65 16.25
    endloop
  endfacet
  facet normal 0.866025403784439 -0.4999999999999994 0
    outer loop
      vertex 87.34382738894831 25.4 8.25
      vertex 89.2202157638146 28.65 16.25
      vertex 87.34382738894831 25.4 16.25
    endloop
  endfacet
  facet normal -0.866025403784439 -0.4999999999999994 0
    outer loop
      vertex 92.97299251354715 28.65 8.25
      vertex 94.84938088841344 25.4 16.25
      vertex 92.97299251354715 28.65 16.25
    endloop
  endfacet
  facet normal 0 -1 0
    outer loop
      vertex 90.91457531494652 28.65 9.75
      vertex 90.91457531494652 28.65 14.75
      vertex 89.2202157638146 28.65 16.25
    endloop
  endfacet
  facet normal 0 -1 0
    outer loop
      vertex 92.97299251354715 28.65 8.25
      vertex 92.97299251354715 28.65 16.25
      vertex 91.32160413868087 28.65 14.75
    endloop
  endfacet
  facet normal 0 -1 0
    outer loop
      vertex 90.91457531494652 28.65 14.75
      vertex 92.97299251354715 28.65 16.25
      vertex 89.2202157638146 28.65 16.25
    endloop
  endfacet
  facet normal 0 -1 0
    outer loop
      vertex 90.91457531494652 28.65 14.75
      vertex 91.32160413868087 28.65 14.75
      vertex 92.97299251354715 28.65 16.25
    endloop
  endfacet
  facet normal 0.866025403784439 0.4999999999999994 0
    outer loop
      vertex 77.36404315276292 22.15 8.25
      vertex 75.48765477789664 25.4 8.25
      vertex 75.48765477789664 25.4 16.25
    endloop
  endfacet
  facet normal 0 1 0
    outer loop
      vertex 77.36404315276292 22.15 8.25
      vertex 79.46543152762919 22.15 9.75
      vertex 81.11681990249548 22.15 8.25
    endloop
  endfacet
  facet normal 0 0 1
    outer loop
      vertex 77.36404315276292 22.15 8.25
      vertex 77.36404315276292 28.65 8.25
      vertex 75.48765477789664 25.4 8.25
    endloop
  endfacet
  facet normal 0 0 1
    outer loop
      vertex 77.36404315276292 22.15 8.25
      vertex 81.11681990249548 22.15 8.25
      vertex 81.11681990249548 28.65 8.25
    endloop
  endfacet
  facet normal 0 0 1
    outer loop
      vertex 81.11681990249548 22.15 8.25
      vertex 82.99320827736176 25.4 8.25
      vertex 81.11681990249548 28.65 8.25
    endloop
  endfacet
  facet normal 0 1 0
    outer loop
      vertex 77.36404315276292 22.15 8.25
      vertex 79.05840270389484 22.15 9.75
      vertex 79.46543152762919 22.15 9.75
    endloop
  endfacet
  facet normal 0 1 0
    outer loop
      vertex 77.36404315276292 22.15 8.25
      vertex 79.05840270389484 22.15 14.75
      vertex 79.05840270389484 22.15 9.75
    endloop
  endfacet
  facet normal 0 1 0
    outer loop
      vertex 81.11681990249548 22.15 8.25
      vertex 79.46543152762919 22.15 9.75
      vertex 81.11681990249548 22.15 16.25
    endloop
  endfacet
  facet normal -0.866025403784439 0.4999999999999994 0
    outer loop
      vertex 81.11681990249548 22.15 8.25
      vertex 81.11681990249548 22.15 16.25
      vertex 82.99320827736176 25.4 8.25
    endloop
  endfacet
  facet normal 0 1 0
    outer loop
      vertex 77.36404315276292 22.15 8.25
      vertex 77.36404315276292 22.15 16.25
      vertex 79.05840270389484 22.15 14.75
    endloop
  endfacet
  facet normal 0 1 0
    outer loop
      vertex 79.46543152762919 22.15 9.75
      vertex 79.46543152762919 22.15 14.75
      vertex 81.11681990249548 22.15 16.25
    endloop
  endfacet
  facet normal 0.866025403784439 0.4999999999999994 0
    outer loop
      vertex 77.36404315276292 22.15 8.25
      vertex 75.48765477789664 25.4 16.25
      vertex 77.36404315276292 22.15 16.25
    endloop
  endfacet
  facet normal -0.866025403784439 0.4999999999999994 0
    outer loop
      vertex 81.11681990249548 22.15 16.25
      vertex 82.99320827736176 25.4 16.25
      vertex 82.99320827736176 25.4 8.25
    endloop
  endfacet
  facet normal 0 1 0
    outer loop
      vertex 79.05840270389484 22.15 14.75
      vertex 77.36404315276292 22.15 16.25
      vertex 79.46543152762919 22.15 14.75
    endloop
  endfacet
  facet normal 0 1 0
    outer loop
      vertex 79.46543152762919 22.15 14.75
      vertex 77.36404315276292 22.15 16.25
      vertex 81.11681990249548 22.15 16.25
    endloop
  endfacet
  facet normal 0 0 1
    outer loop
      vertex 77.36404315276292 22.15 8.25
      vertex 81.11681990249548 28.65 8.25
      vertex 77.36404315276292 28.65 8.25
    endloop
  endfacet
  facet normal 0 -1 0
    outer loop
      vertex 77.36404315276292 28.65 8.25
      vertex 81.11681990249548 28.65 8.25
      vertex 79.46543152762919 28.65 9.75
    endloop
  endfacet
  facet normal 0.866025403784439 -0.4999999999999994 0
    outer loop
      vertex 75.48765477789664 25.4 8.25
      vertex 77.36404315276292 28.65 8.25
      vertex 77.36404315276292 28.65 16.25
    endloop
  endfacet
  facet normal -0.866025403784439 -0.4999999999999994 0
    outer loop
      vertex 82.99320827736176 25.4 8.25
      vertex 82.99320827736176 25.4 16.25
      vertex 81.11681990249548 28.65 8.25
    endloop
  endfacet
  facet normal 0 -1 0
    outer loop
      vertex 77.36404315276292 28.65 8.25
      vertex 79.46543152762919 28.65 9.75
      vertex 79.05840270389484 28.65 9.75
    endloop
  endfacet
  facet normal 0 -1 0
    outer loop
      vertex 77.36404315276292 28.65 8.25
      vertex 79.05840270389484 28.65 9.75
      vertex 77.36404315276292 28.65 16.25
    endloop
  endfacet
  facet normal 0 -1 0
    outer loop
      vertex 81.11681990249548 28.65 8.25
      vertex 79.46543152762919 28.65 14.75
      vertex 79.46543152762919 28.65 9.75
    endloop
  endfacet
  facet normal 0.866025403784439 -0.4999999999999994 0
    outer loop
      vertex 75.48765477789664 25.4 8.25
      vertex 77.36404315276292 28.65 16.25
      vertex 75.48765477789664 25.4 16.25
    endloop
  endfacet
  facet normal -0.866025403784439 -0.4999999999999994 0
    outer loop
      vertex 81.11681990249548 28.65 8.25
      vertex 82.99320827736176 25.4 16.25
      vertex 81.11681990249548 28.65 16.25
    endloop
  endfacet
  facet normal 0 -1 0
    outer loop
      vertex 79.05840270389484 28.65 9.75
      vertex 79.05840270389484 28.65 14.75
      vertex 77.36404315276292 28.65 16.25
    endloop
  endfacet
  facet normal 0 -1 0
    outer loop
      vertex 81.11681990249548 28.65 8.25
      vertex 81.11681990249548 28.65 16.25
      vertex 79.46543152762919 28.65 14.75
    endloop
  endfacet
  facet normal 0 -1 0
    outer loop
      vertex 79.05840270389484 28.65 14.75
      vertex 81.11681990249548 28.65 16.25
      vertex 77.36404315276292 28.65 16.25
    endloop
  endfacet
  facet normal 0 -1 0
    outer loop
      vertex 79.05840270389484 28.65 14.75
      vertex 79.46543152762919 28.65 14.75
      vertex 81.11681990249548 28.65 16.25
    endloop
  endfacet
  facet normal 0 1 0
    outer loop
      vertex 65.50787054171123 22.15 8.25
      vertex 67.6092589165775 22.15 9.75
      vertex 69.26064729144379 22.15 8.25
    endloop
  endfacet
  facet normal 0 0 1
    outer loop
      vertex 65.50787054171123 22.15 8.25
      vertex 65.50787054171123 28.65 8.25
      vertex 63.63148216684494 25.4 8.25
    endloop
  endfacet
  facet normal 0 0 1
    outer loop
      vertex 65.50787054171123 22.15 8.25
      vertex 69.26064729144379 22.15 8.25
      vertex 69.26064729144379 28.65 8.25
    endloop
  endfacet
  facet normal 0 0 1
    outer loop
      vertex 69.26064729144379 22.15 8.25
      vertex 71.13703566631007 25.4 8.25
      vertex 69.26064729144379 28.65 8.25
    endloop
  endfacet
  facet normal 0 1 0
    outer loop
      vertex 65.50787054171123 22.15 8.25
      vertex 67.20223009284315 22.15 9.75
      vertex 67.6092589165775 22.15 9.75
    endloop
  endfacet
  facet normal 0 1 0
    outer loop
      vertex 65.50787054171123 22.15 8.25
      vertex 67.20223009284315 22.15 14.75
      vertex 67.20223009284315 22.15 9.75
    endloop
  endfacet
  facet normal 0 1 0
    outer loop
      vertex 69.26064729144379 22.15 8.25
      vertex 67.6092589165775 22.15 9.75
      vertex 69.26064729144379 22.15 16.25
    endloop
  endfacet
  facet normal 0.8660254037844383 0.5000000000000008 0
    outer loop
      vertex 65.50787054171123 22.15 8.25
      vertex 63.63148216684494 25.4 8.25
      vertex 63.63148216684494 25.4 16.25
    endloop
  endfacet
  facet normal -0.866025403784439 0.4999999999999994 0
    outer loop
      vertex 69.26064729144379 22.15 8.25
      vertex 69.26064729144379 22.15 16.25
      vertex 71.13703566631007 25.4 8.25
    endloop
  endfacet
  facet normal 0 1 0
    outer loop
      vertex 65.50787054171123 22.15 8.25
      vertex 65.50787054171123 22.15 16.25
      vertex 67.20223009284315 22.15 14.75
    endloop
  endfacet
  facet normal 0 1 0
    outer loop
      vertex 67.6092589165775 22.15 9.75
      vertex 67.6092589165775 22.15 14.75
      vertex 69.26064729144379 22.15 16.25
    endloop
  endfacet
  facet normal 0.8660254037844383 0.5000000000000008 0
    outer loop
      vertex 65.50787054171123 22.15 8.25
      vertex 63.63148216684494 25.4 16.25
      vertex 65.50787054171123 22.15 16.25
    endloop
  endfacet
  facet normal -0.866025403784439 0.4999999999999994 0
    outer loop
      vertex 69.26064729144379 22.15 16.25
      vertex 71.13703566631007 25.4 16.25
      vertex 71.13703566631007 25.4 8.25
    endloop
  endfacet
  facet normal 0 1 0
    outer loop
      vertex 67.20223009284315 22.15 14.75
      vertex 65.50787054171123 22.15 16.25
      vertex 67.6092589165775 22.15 14.75
    endloop
  endfacet
  facet normal 0 1 0
    outer loop
      vertex 67.6092589165775 22.15 14.75
      vertex 65.50787054171123 22.15 16.25
      vertex 69.26064729144379 22.15 16.25
    endloop
  endfacet
  facet normal 0 0 1
    outer loop
      vertex 65.50787054171123 22.15 8.25
      vertex 69.26064729144379 28.65 8.25
      vertex 65.50787054171123 28.65 8.25
    endloop
  endfacet
  facet normal 0 -1 0
    outer loop
      vertex 65.50787054171123 28.65 8.25
      vertex 69.26064729144379 28.65 8.25
      vertex 67.6092589165775 28.65 9.75
    endloop
  endfacet
  facet normal 0.8660254037844383 -0.5000000000000008 0
    outer loop
      vertex 63.63148216684494 25.4 8.25
      vertex 65.50787054171123 28.65 8.25
      vertex 65.50787054171123 28.65 16.25
    endloop
  endfacet
  facet normal 0 -1 0
    outer loop
      vertex 65.50787054171123 28.65 8.25
      vertex 67.6092589165775 28.65 9.75
      vertex 67.20223009284315 28.65 9.75
    endloop
  endfacet
  facet normal 0 -1 0
    outer loop
      vertex 65.50787054171123 28.65 8.25
      vertex 67.20223009284315 28.65 9.75
      vertex 65.50787054171123 28.65 16.25
    endloop
  endfacet
  facet normal 0 -1 0
    outer loop
      vertex 69.26064729144379 28.65 8.25
      vertex 67.6092589165775 28.65 14.75
      vertex 67.6092589165775 28.65 9.75
    endloop
  endfacet
  facet normal -0.866025403784439 -0.4999999999999994 0
    outer loop
      vertex 71.13703566631007 25.4 8.25
      vertex 71.13703566631007 25.4 16.25
      vertex 69.26064729144379 28.65 8.25
    endloop
  endfacet
  facet normal 0.8660254037844383 -0.5000000000000008 0
    outer loop
      vertex 63.63148216684494 25.4 8.25
      vertex 65.50787054171123 28.65 16.25
      vertex 63.63148216684494 25.4 16.25
    endloop
  endfacet
  facet normal 0 -1 0
    outer loop
      vertex 67.20223009284315 28.65 9.75
      vertex 67.20223009284315 28.65 14.75
      vertex 65.50787054171123 28.65 16.25
    endloop
  endfacet
  facet normal 0 -1 0
    outer loop
      vertex 69.26064729144379 28.65 8.25
      vertex 69.26064729144379 28.65 16.25
      vertex 67.6092589165775 28.65 14.75
    endloop
  endfacet
  facet normal -0.866025403784439 -0.4999999999999994 0
    outer loop
      vertex 69.26064729144379 28.65 8.25
      vertex 71.13703566631007 25.4 16.25
      vertex 69.26064729144379 28.65 16.25
    endloop
  endfacet
  facet normal 0 -1 0
    outer loop
      vertex 67.20223009284315 28.65 14.75
      vertex 69.26064729144379 28.65 16.25
      vertex 65.50787054171123 28.65 16.25
    endloop
  endfacet
  facet normal 0 -1 0
    outer loop
      vertex 67.20223009284315 28.65 14.75
      vertex 67.6092589165775 28.65 14.75
      vertex 69.26064729144379 28.65 16.25
    endloop
  endfacet
  facet normal 0 1 0
    outer loop
      vertex 53.65169793065955 22.15 8.25
      vertex 55.753086305525834 22.15 9.75
      vertex 57.40447468039211 22.15 8.25
    endloop
  endfacet
  facet normal 0 0 1
    outer loop
      vertex 53.65169793065955 22.15 8.25
      vertex 53.65169793065955 28.65 8.25
      vertex 51.775309555793264 25.4 8.25
    endloop
  endfacet
  facet normal 0 0 1
    outer loop
      vertex 53.65169793065955 22.15 8.25
      vertex 57.40447468039211 22.15 8.25
      vertex 57.40447468039211 28.65 8.25
    endloop
  endfacet
  facet normal 0 0 1
    outer loop
      vertex 57.40447468039211 22.15 8.25
      vertex 59.2808630552584 25.4 8.25
      vertex 57.40447468039211 28.65 8.25
    endloop
  endfacet
  facet normal 0 1 0
    outer loop
      vertex 53.65169793065955 22.15 8.25
      vertex 55.34605748179147 22.15 9.75
      vertex 55.753086305525834 22.15 9.75
    endloop
  endfacet
  facet normal 0 1 0
    outer loop
      vertex 53.65169793065955 22.15 8.25
      vertex 55.34605748179147 22.15 14.75
      vertex 55.34605748179147 22.15 9.75
    endloop
  endfacet
  facet normal 0.8660254037844383 0.5000000000000008 0
    outer loop
      vertex 53.65169793065955 22.15 8.25
      vertex 51.775309555793264 25.4 8.25
      vertex 51.775309555793264 25.4 16.25
    endloop
  endfacet
  facet normal 0 1 0
    outer loop
      vertex 57.40447468039211 22.15 8.25
      vertex 55.753086305525834 22.15 9.75
      vertex 57.40447468039211 22.15 16.25
    endloop
  endfacet
  facet normal -0.8660254037844383 0.5000000000000008 0
    outer loop
      vertex 57.40447468039211 22.15 8.25
      vertex 57.40447468039211 22.15 16.25
      vertex 59.2808630552584 25.4 8.25
    endloop
  endfacet
  facet normal 0 1 0
    outer loop
      vertex 53.65169793065955 22.15 8.25
      vertex 53.65169793065955 22.15 16.25
      vertex 55.34605748179147 22.15 14.75
    endloop
  endfacet
  facet normal 0.8660254037844383 0.5000000000000008 0
    outer loop
      vertex 53.65169793065955 22.15 8.25
      vertex 51.775309555793264 25.4 16.25
      vertex 53.65169793065955 22.15 16.25
    endloop
  endfacet
  facet normal 0 1 0
    outer loop
      vertex 55.753086305525834 22.15 9.75
      vertex 55.753086305525834 22.15 14.75
      vertex 57.40447468039211 22.15 16.25
    endloop
  endfacet
  facet normal -0.8660254037844383 0.5000000000000008 0
    outer loop
      vertex 57.40447468039211 22.15 16.25
      vertex 59.2808630552584 25.4 16.25
      vertex 59.2808630552584 25.4 8.25
    endloop
  endfacet
  facet normal 0 1 0
    outer loop
      vertex 55.34605748179147 22.15 14.75
      vertex 53.65169793065955 22.15 16.25
      vertex 55.753086305525834 22.15 14.75
    endloop
  endfacet
  facet normal 0 1 0
    outer loop
      vertex 55.753086305525834 22.15 14.75
      vertex 53.65169793065955 22.15 16.25
      vertex 57.40447468039211 22.15 16.25
    endloop
  endfacet
  facet normal 0 0 1
    outer loop
      vertex 53.65169793065955 22.15 8.25
      vertex 57.40447468039211 28.65 8.25
      vertex 53.65169793065955 28.65 8.25
    endloop
  endfacet
  facet normal 0 -1 0
    outer loop
      vertex 53.65169793065955 28.65 8.25
      vertex 57.40447468039211 28.65 8.25
      vertex 55.753086305525834 28.65 9.75
    endloop
  endfacet
  facet normal 0.8660254037844383 -0.5000000000000008 0
    outer loop
      vertex 51.775309555793264 25.4 8.25
      vertex 53.65169793065955 28.65 8.25
      vertex 53.65169793065955 28.65 16.25
    endloop
  endfacet
  facet normal 0 -1 0
    outer loop
      vertex 53.65169793065955 28.65 8.25
      vertex 55.753086305525834 28.65 9.75
      vertex 55.34605748179147 28.65 9.75
    endloop
  endfacet
  facet normal 0 -1 0
    outer loop
      vertex 53.65169793065955 28.65 8.25
      vertex 55.34605748179147 28.65 9.75
      vertex 53.65169793065955 28.65 16.25
    endloop
  endfacet
  facet normal -0.8660254037844383 -0.5000000000000008 0
    outer loop
      vertex 59.2808630552584 25.4 8.25
      vertex 59.2808630552584 25.4 16.25
      vertex 57.40447468039211 28.65 8.25
    endloop
  endfacet
  facet normal 0 -1 0
    outer loop
      vertex 57.40447468039211 28.65 8.25
      vertex 55.753086305525834 28.65 14.75
      vertex 55.753086305525834 28.65 9.75
    endloop
  endfacet
  facet normal 0.8660254037844383 -0.5000000000000008 0
    outer loop
      vertex 51.775309555793264 25.4 8.25
      vertex 53.65169793065955 28.65 16.25
      vertex 51.775309555793264 25.4 16.25
    endloop
  endfacet
  facet normal 0 -1 0
    outer loop
      vertex 55.34605748179147 28.65 9.75
      vertex 55.34605748179147 28.65 14.75
      vertex 53.65169793065955 28.65 16.25
    endloop
  endfacet
  facet normal -0.8660254037844383 -0.5000000000000008 0
    outer loop
      vertex 57.40447468039211 28.65 8.25
      vertex 59.2808630552584 25.4 16.25
      vertex 57.40447468039211 28.65 16.25
    endloop
  endfacet
  facet normal 0 -1 0
    outer loop
      vertex 57.40447468039211 28.65 8.25
      vertex 57.40447468039211 28.65 16.25
      vertex 55.753086305525834 28.65 14.75
    endloop
  endfacet
  facet normal 0 -1 0
    outer loop
      vertex 55.34605748179147 28.65 14.75
      vertex 55.753086305525834 28.65 14.75
      vertex 57.40447468039211 28.65 16.25
    endloop
  endfacet
  facet normal 0 -1 0
    outer loop
      vertex 55.34605748179147 28.65 14.75
      vertex 57.40447468039211 28.65 16.25
      vertex 53.65169793065955 28.65 16.25
    endloop
  endfacet
  facet normal 0 0 1
    outer loop
      vertex 41.795525319607876 22.15 8.25
      vertex 41.795525319607876 28.65 8.25
      vertex 39.91913694474159 25.4 8.25
    endloop
  endfacet
  facet normal 0 1 0
    outer loop
      vertex 41.795525319607876 22.15 8.25
      vertex 43.89691369447416 22.15 9.75
      vertex 45.54830206934044 22.15 8.25
    endloop
  endfacet
  facet normal 0 0 1
    outer loop
      vertex 41.795525319607876 22.15 8.25
      vertex 45.54830206934044 22.15 8.25
      vertex 45.54830206934044 28.65 8.25
    endloop
  endfacet
  facet normal 0 0 1
    outer loop
      vertex 45.54830206934044 22.15 8.25
      vertex 47.424690444206725 25.4 8.25
      vertex 45.54830206934044 28.65 8.25
    endloop
  endfacet
  facet normal 0.8660254037844383 0.5000000000000008 0
    outer loop
      vertex 41.795525319607876 22.15 8.25
      vertex 39.91913694474159 25.4 8.25
      vertex 39.91913694474159 25.4 16.25
    endloop
  endfacet
  facet normal 0 1 0
    outer loop
      vertex 41.795525319607876 22.15 8.25
      vertex 43.48988487073979 22.15 9.75
      vertex 43.89691369447416 22.15 9.75
    endloop
  endfacet
  facet normal 0 1 0
    outer loop
      vertex 41.795525319607876 22.15 8.25
      vertex 43.48988487073979 22.15 14.75
      vertex 43.48988487073979 22.15 9.75
    endloop
  endfacet
  facet normal 0 1 0
    outer loop
      vertex 45.54830206934044 22.15 8.25
      vertex 43.89691369447416 22.15 9.75
      vertex 45.54830206934044 22.15 16.25
    endloop
  endfacet
  facet normal -0.8660254037844383 0.5000000000000008 0
    outer loop
      vertex 45.54830206934044 22.15 8.25
      vertex 45.54830206934044 22.15 16.25
      vertex 47.424690444206725 25.4 8.25
    endloop
  endfacet
  facet normal 0 1 0
    outer loop
      vertex 41.795525319607876 22.15 8.25
      vertex 41.795525319607876 22.15 16.25
      vertex 43.48988487073979 22.15 14.75
    endloop
  endfacet
  facet normal 0.8660254037844383 0.5000000000000008 0
    outer loop
      vertex 41.795525319607876 22.15 8.25
      vertex 39.91913694474159 25.4 16.25
      vertex 41.795525319607876 22.15 16.25
    endloop
  endfacet
  facet normal 0 1 0
    outer loop
      vertex 43.89691369447416 22.15 9.75
      vertex 43.89691369447416 22.15 14.75
      vertex 45.54830206934044 22.15 16.25
    endloop
  endfacet
  facet normal -0.8660254037844383 0.5000000000000008 0
    outer loop
      vertex 45.54830206934044 22.15 16.25
      vertex 47.424690444206725 25.4 16.25
      vertex 47.424690444206725 25.4 8.25
    endloop
  endfacet
  facet normal 0 1 0
    outer loop
      vertex 43.48988487073979 22.15 14.75
      vertex 41.795525319607876 22.15 16.25
      vertex 43.89691369447416 22.15 14.75
    endloop
  endfacet
  facet normal 0 1 0
    outer loop
      vertex 43.89691369447416 22.15 14.75
      vertex 41.795525319607876 22.15 16.25
      vertex 45.54830206934044 22.15 16.25
    endloop
  endfacet
  facet normal 0 0 1
    outer loop
      vertex 41.795525319607876 22.15 8.25
      vertex 45.54830206934044 28.65 8.25
      vertex 41.795525319607876 28.65 8.25
    endloop
  endfacet
  facet normal 0 -1 0
    outer loop
      vertex 41.795525319607876 28.65 8.25
      vertex 45.54830206934044 28.65 8.25
      vertex 43.89691369447416 28.65 9.75
    endloop
  endfacet
  facet normal 0.8660254037844383 -0.5000000000000008 0
    outer loop
      vertex 39.91913694474159 25.4 8.25
      vertex 41.795525319607876 28.65 8.25
      vertex 41.795525319607876 28.65 16.25
    endloop
  endfacet
  facet normal 0 -1 0
    outer loop
      vertex 41.795525319607876 28.65 8.25
      vertex 43.48988487073979 28.65 9.75
      vertex 41.795525319607876 28.65 16.25
    endloop
  endfacet
  facet normal -0.8660254037844383 -0.5000000000000008 0
    outer loop
      vertex 47.424690444206725 25.4 8.25
      vertex 47.424690444206725 25.4 16.25
      vertex 45.54830206934044 28.65 8.25
    endloop
  endfacet
  facet normal 0 -1 0
    outer loop
      vertex 41.795525319607876 28.65 8.25
      vertex 43.89691369447416 28.65 9.75
      vertex 43.48988487073979 28.65 9.75
    endloop
  endfacet
  facet normal 0 -1 0
    outer loop
      vertex 45.54830206934044 28.65 8.25
      vertex 43.89691369447416 28.65 14.75
      vertex 43.89691369447416 28.65 9.75
    endloop
  endfacet
  facet normal 0.8660254037844383 -0.5000000000000008 0
    outer loop
      vertex 39.91913694474159 25.4 8.25
      vertex 41.795525319607876 28.65 16.25
      vertex 39.91913694474159 25.4 16.25
    endloop
  endfacet
  facet normal -0.8660254037844383 -0.5000000000000008 0
    outer loop
      vertex 45.54830206934044 28.65 8.25
      vertex 47.424690444206725 25.4 16.25
      vertex 45.54830206934044 28.65 16.25
    endloop
  endfacet
  facet normal 0 -1 0
    outer loop
      vertex 43.48988487073979 28.65 9.75
      vertex 43.48988487073979 28.65 14.75
      vertex 41.795525319607876 28.65 16.25
    endloop
  endfacet
  facet normal 0 -1 0
    outer loop
      vertex 45.54830206934044 28.65 8.25
      vertex 45.54830206934044 28.65 16.25
      vertex 43.89691369447416 28.65 14.75
    endloop
  endfacet
  facet normal 0 -1 0
    outer loop
      vertex 43.48988487073979 28.65 14.75
      vertex 43.89691369447416 28.65 14.75
      vertex 45.54830206934044 28.65 16.25
    endloop
  endfacet
  facet normal 0 -1 0
    outer loop
      vertex 43.48988487073979 28.65 14.75
      vertex 45.54830206934044 28.65 16.25
      vertex 41.795525319607876 28.65 16.25
    endloop
  endfacet
  facet normal 0 0 1
    outer loop
      vertex 29.93935270855619 22.15 8.25
      vertex 29.93935270855619 28.65 8.25
      vertex 28.062964333689905 25.4 8.25
    endloop
  endfacet
  facet normal 0 1 0
    outer loop
      vertex 29.93935270855619 22.15 8.25
      vertex 32.040741083422475 22.15 9.75
      vertex 33.692129458288754 22.15 8.25
    endloop
  endfacet
  facet normal 0 0 1
    outer loop
      vertex 29.93935270855619 22.15 8.25
      vertex 33.692129458288754 22.15 8.25
      vertex 33.692129458288754 28.65 8.25
    endloop
  endfacet
  facet normal 0 0 1
    outer loop
      vertex 33.692129458288754 22.15 8.25
      vertex 35.56851783315504 25.4 8.25
      vertex 33.692129458288754 28.65 8.25
    endloop
  endfacet
  facet normal 0.8660254037844386 0.5000000000000001 0
    outer loop
      vertex 29.93935270855619 22.15 8.25
      vertex 28.062964333689905 25.4 8.25
      vertex 28.062964333689905 25.4 16.25
    endloop
  endfacet
  facet normal 0 1 0
    outer loop
      vertex 29.93935270855619 22.15 8.25
      vertex 31.63371225968811 22.15 9.75
      vertex 32.040741083422475 22.15 9.75
    endloop
  endfacet
  facet normal 0 1 0
    outer loop
      vertex 29.93935270855619 22.15 8.25
      vertex 31.63371225968811 22.15 14.75
      vertex 31.63371225968811 22.15 9.75
    endloop
  endfacet
  facet normal 0 1 0
    outer loop
      vertex 33.692129458288754 22.15 8.25
      vertex 32.040741083422475 22.15 9.75
      vertex 33.692129458288754 22.15 16.25
    endloop
  endfacet
  facet normal -0.8660254037844383 0.5000000000000008 0
    outer loop
      vertex 33.692129458288754 22.15 8.25
      vertex 33.692129458288754 22.15 16.25
      vertex 35.56851783315504 25.4 8.25
    endloop
  endfacet
  facet normal 0.8660254037844386 0.5000000000000001 0
    outer loop
      vertex 29.93935270855619 22.15 8.25
      vertex 28.062964333689905 25.4 16.25
      vertex 29.93935270855619 22.15 16.25
    endloop
  endfacet
  facet normal 0 1 0
    outer loop
      vertex 29.93935270855619 22.15 8.25
      vertex 29.93935270855619 22.15 16.25
      vertex 31.63371225968811 22.15 14.75
    endloop
  endfacet
  facet normal 0 1 0
    outer loop
      vertex 32.040741083422475 22.15 9.75
      vertex 32.040741083422475 22.15 14.75
      vertex 33.692129458288754 22.15 16.25
    endloop
  endfacet
  facet normal -0.8660254037844383 0.5000000000000008 0
    outer loop
      vertex 33.692129458288754 22.15 16.25
      vertex 35.56851783315504 25.4 16.25
      vertex 35.56851783315504 25.4 8.25
    endloop
  endfacet
  facet normal 0 1 0
    outer loop
      vertex 31.63371225968811 22.15 14.75
      vertex 29.93935270855619 22.15 16.25
      vertex 32.040741083422475 22.15 14.75
    endloop
  endfacet
  facet normal 0 1 0
    outer loop
      vertex 32.040741083422475 22.15 14.75
      vertex 29.93935270855619 22.15 16.25
      vertex 33.692129458288754 22.15 16.25
    endloop
  endfacet
  facet normal 0 0 1
    outer loop
      vertex 29.93935270855619 22.15 8.25
      vertex 33.692129458288754 28.65 8.25
      vertex 29.93935270855619 28.65 8.25
    endloop
  endfacet
  facet normal 0 -1 0
    outer loop
      vertex 29.93935270855619 28.65 8.25
      vertex 33.692129458288754 28.65 8.25
      vertex 32.040741083422475 28.65 9.75
    endloop
  endfacet
  facet normal 0.8660254037844386 -0.5000000000000001 0
    outer loop
      vertex 28.062964333689905 25.4 8.25
      vertex 29.93935270855619 28.65 8.25
      vertex 29.93935270855619 28.65 16.25
    endloop
  endfacet
  facet normal -0.8660254037844383 -0.5000000000000008 0
    outer loop
      vertex 35.56851783315504 25.4 8.25
      vertex 35.56851783315504 25.4 16.25
      vertex 33.692129458288754 28.65 8.25
    endloop
  endfacet
  facet normal 0 -1 0
    outer loop
      vertex 29.93935270855619 28.65 8.25
      vertex 32.040741083422475 28.65 9.75
      vertex 31.63371225968811 28.65 9.75
    endloop
  endfacet
  facet normal 0 -1 0
    outer loop
      vertex 33.692129458288754 28.65 8.25
      vertex 32.040741083422475 28.65 14.75
      vertex 32.040741083422475 28.65 9.75
    endloop
  endfacet
  facet normal 0 -1 0
    outer loop
      vertex 29.93935270855619 28.65 8.25
      vertex 31.63371225968811 28.65 9.75
      vertex 29.93935270855619 28.65 16.25
    endloop
  endfacet
  facet normal 0.8660254037844386 -0.5000000000000001 0
    outer loop
      vertex 28.062964333689905 25.4 8.25
      vertex 29.93935270855619 28.65 16.25
      vertex 28.062964333689905 25.4 16.25
    endloop
  endfacet
  facet normal -0.8660254037844383 -0.5000000000000008 0
    outer loop
      vertex 33.692129458288754 28.65 8.25
      vertex 35.56851783315504 25.4 16.25
      vertex 33.692129458288754 28.65 16.25
    endloop
  endfacet
  facet normal 0 -1 0
    outer loop
      vertex 31.63371225968811 28.65 9.75
      vertex 31.63371225968811 28.65 14.75
      vertex 29.93935270855619 28.65 16.25
    endloop
  endfacet
  facet normal 0 -1 0
    outer loop
      vertex 33.692129458288754 28.65 8.25
      vertex 33.692129458288754 28.65 16.25
      vertex 32.040741083422475 28.65 14.75
    endloop
  endfacet
  facet normal 0 -1 0
    outer loop
      vertex 31.63371225968811 28.65 14.75
      vertex 32.040741083422475 28.65 14.75
      vertex 33.692129458288754 28.65 16.25
    endloop
  endfacet
  facet normal 0 -1 0
    outer loop
      vertex 31.63371225968811 28.65 14.75
      vertex 33.692129458288754 28.65 16.25
      vertex 29.93935270855619 28.65 16.25
    endloop
  endfacet
  facet normal 0 1 0
    outer loop
      vertex 6.227007486452829 22.15 8.25
      vertex 8.328395861319112 22.15 9.75
      vertex 9.979784236185397 22.15 8.25
    endloop
  endfacet
  facet normal 0 0 1
    outer loop
      vertex 6.227007486452829 22.15 8.25
      vertex 6.227007486452829 28.65 8.25
      vertex 4.350619111586545 25.4 8.25
    endloop
  endfacet
  facet normal 0 0 1
    outer loop
      vertex 6.227007486452829 22.15 8.25
      vertex 9.979784236185397 22.15 8.25
      vertex 9.979784236185397 28.65 8.25
    endloop
  endfacet
  facet normal 0 1 0
    outer loop
      vertex 6.227007486452829 22.15 8.25
      vertex 7.92136703758475 22.15 9.75
      vertex 8.328395861319112 22.15 9.75
    endloop
  endfacet
  facet normal 0 1 0
    outer loop
      vertex 6.227007486452829 22.15 8.25
      vertex 7.92136703758475 22.15 14.75
      vertex 7.92136703758475 22.15 9.75
    endloop
  endfacet
  facet normal 0 1 0
    outer loop
      vertex 9.979784236185397 22.15 8.25
      vertex 8.328395861319112 22.15 9.75
      vertex 9.979784236185397 22.15 16.25
    endloop
  endfacet
  facet normal 0.8660254037844386 0.4999999999999999 7.396010332244476e-18
    outer loop
      vertex 6.227007486452829 22.15 8.25
      vertex 4.350619111586545 25.4 8.25
      vertex 4.350619111586545 25.4 16.25
    endloop
  endfacet
  facet normal 0 0 1
    outer loop
      vertex 9.979784236185397 22.15 8.25
      vertex 11.85617261105168 25.4 8.25
      vertex 9.979784236185397 28.65 8.25
    endloop
  endfacet
  facet normal -0.8660254037844387 0.4999999999999997 0
    outer loop
      vertex 9.979784236185397 22.15 8.25
      vertex 9.979784236185397 22.15 16.25
      vertex 11.85617261105168 25.4 8.25
    endloop
  endfacet
  facet normal 0 1 0
    outer loop
      vertex 6.227007486452829 22.15 8.25
      vertex 6.227007486452829 22.15 16.25
      vertex 7.92136703758475 22.15 14.75
    endloop
  endfacet
  facet normal 0 1 0
    outer loop
      vertex 8.328395861319112 22.15 9.75
      vertex 8.328395861319112 22.15 14.75
      vertex 9.979784236185397 22.15 16.25
    endloop
  endfacet
  facet normal 0.8660254037844386 0.4999999999999999 0
    outer loop
      vertex 6.227007486452829 22.15 8.25
      vertex 4.350619111586545 25.4 16.25
      vertex 6.227007486452829 22.15 16.25
    endloop
  endfacet
  facet normal 0 1 0
    outer loop
      vertex 7.92136703758475 22.15 14.75
      vertex 6.227007486452829 22.15 16.25
      vertex 8.328395861319112 22.15 14.75
    endloop
  endfacet
  facet normal 0 1 0
    outer loop
      vertex 8.328395861319112 22.15 14.75
      vertex 6.227007486452829 22.15 16.25
      vertex 9.979784236185397 22.15 16.25
    endloop
  endfacet
  facet normal -0.8660254037844387 0.4999999999999997 1.4792020664488955e-17
    outer loop
      vertex 9.979784236185397 22.15 16.25
      vertex 11.85617261105168 25.4 16.25
      vertex 11.85617261105168 25.4 8.25
    endloop
  endfacet
  facet normal 0 0 1
    outer loop
      vertex 6.227007486452829 22.15 8.25
      vertex 9.979784236185397 28.65 8.25
      vertex 6.227007486452829 28.65 8.25
    endloop
  endfacet
  facet normal 0 -1 0
    outer loop
      vertex 6.227007486452829 28.65 8.25
      vertex 9.979784236185397 28.65 8.25
      vertex 8.328395861319112 28.65 9.75
    endloop
  endfacet
  facet normal 0.8660254037844386 -0.4999999999999999 -7.396010332244476e-18
    outer loop
      vertex 4.350619111586545 25.4 8.25
      vertex 6.227007486452829 28.65 8.25
      vertex 6.227007486452829 28.65 16.25
    endloop
  endfacet
  facet normal 0 -1 0
    outer loop
      vertex 6.227007486452829 28.65 8.25
      vertex 8.328395861319112 28.65 9.75
      vertex 7.92136703758475 28.65 9.75
    endloop
  endfacet
  facet normal 0 -1 0
    outer loop
      vertex 9.979784236185397 28.65 8.25
      vertex 8.328395861319112 28.65 14.75
      vertex 8.328395861319112 28.65 9.75
    endloop
  endfacet
  facet normal 0 -1 0
    outer loop
      vertex 6.227007486452829 28.65 8.25
      vertex 7.92136703758475 28.65 9.75
      vertex 6.227007486452829 28.65 16.25
    endloop
  endfacet
  facet normal -0.8660254037844387 -0.4999999999999997 0
    outer loop
      vertex 11.85617261105168 25.4 8.25
      vertex 11.85617261105168 25.4 16.25
      vertex 9.979784236185397 28.65 8.25
    endloop
  endfacet
  facet normal 0.8660254037844386 -0.4999999999999999 0
    outer loop
      vertex 4.350619111586545 25.4 8.25
      vertex 6.227007486452829 28.65 16.25
      vertex 4.350619111586545 25.4 16.25
    endloop
  endfacet
  facet normal 0 -1 0
    outer loop
      vertex 7.92136703758475 28.65 9.75
      vertex 7.92136703758475 28.65 14.75
      vertex 6.227007486452829 28.65 16.25
    endloop
  endfacet
  facet normal 0 -1 0
    outer loop
      vertex 9.979784236185397 28.65 8.25
      vertex 9.979784236185397 28.65 16.25
      vertex 8.328395861319112 28.65 14.75
    endloop
  endfacet
  facet normal 0 -1 0
    outer loop
      vertex 7.92136703758475 28.65 14.75
      vertex 8.328395861319112 28.65 14.75
      vertex 9.979784236185397 28.65 16.25
    endloop
  endfacet
  facet normal 0 -1 0
    outer loop
      vertex 7.92136703758475 28.65 14.75
      vertex 9.979784236185397 28.65 16.25
      vertex 6.227007486452829 28.65 16.25
    endloop
  endfacet
  facet normal -0.8660254037844387 -0.4999999999999997 0
    outer loop
      vertex 9.979784236185397 28.65 8.25
      vertex 11.85617261105168 25.4 16.25
      vertex 9.979784236185397 28.65 16.25
    endloop
  endfacet
  facet normal 0 1 0
    outer loop
      vertex 18.083180097504506 22.15 8.25
      vertex 20.184568472370792 22.15 9.75
      vertex 21.835956847237075 22.15 8.25
    endloop
  endfacet
  facet normal 0 0 1
    outer loop
      vertex 18.083180097504506 22.15 8.25
      vertex 18.083180097504506 28.65 8.25
      vertex 16.206791722638222 25.4 8.25
    endloop
  endfacet
  facet normal 0 0 1
    outer loop
      vertex 18.083180097504506 22.15 8.25
      vertex 21.835956847237075 22.15 8.25
      vertex 21.835956847237075 28.65 8.25
    endloop
  endfacet
  facet normal 0 0 1
    outer loop
      vertex 21.835956847237075 22.15 8.25
      vertex 23.71234522210336 25.4 8.25
      vertex 21.835956847237075 28.65 8.25
    endloop
  endfacet
  facet normal 0 1 0
    outer loop
      vertex 18.083180097504506 22.15 8.25
      vertex 19.777539648636427 22.15 9.75
      vertex 20.184568472370792 22.15 9.75
    endloop
  endfacet
  facet normal 0 1 0
    outer loop
      vertex 18.083180097504506 22.15 8.25
      vertex 19.777539648636427 22.15 14.75
      vertex 19.777539648636427 22.15 9.75
    endloop
  endfacet
  facet normal 0 1 0
    outer loop
      vertex 21.835956847237075 22.15 8.25
      vertex 20.184568472370792 22.15 9.75
      vertex 21.835956847237075 22.15 16.25
    endloop
  endfacet
  facet normal 0.8660254037844386 0.5000000000000001 0
    outer loop
      vertex 18.083180097504506 22.15 8.25
      vertex 16.206791722638222 25.4 8.25
      vertex 16.206791722638222 25.4 16.25
    endloop
  endfacet
  facet normal -0.8660254037844386 0.5000000000000001 0
    outer loop
      vertex 21.835956847237075 22.15 8.25
      vertex 21.835956847237075 22.15 16.25
      vertex 23.71234522210336 25.4 8.25
    endloop
  endfacet
  facet normal 0 1 0
    outer loop
      vertex 18.083180097504506 22.15 8.25
      vertex 18.083180097504506 22.15 16.25
      vertex 19.777539648636427 22.15 14.75
    endloop
  endfacet
  facet normal 0 1 0
    outer loop
      vertex 20.184568472370792 22.15 9.75
      vertex 20.184568472370792 22.15 14.75
      vertex 21.835956847237075 22.15 16.25
    endloop
  endfacet
  facet normal 0.8660254037844386 0.5000000000000001 0
    outer loop
      vertex 18.083180097504506 22.15 8.25
      vertex 16.206791722638222 25.4 16.25
      vertex 18.083180097504506 22.15 16.25
    endloop
  endfacet
  facet normal 0 1 0
    outer loop
      vertex 19.777539648636427 22.15 14.75
      vertex 18.083180097504506 22.15 16.25
      vertex 20.184568472370792 22.15 14.75
    endloop
  endfacet
  facet normal 0 1 0
    outer loop
      vertex 20.184568472370792 22.15 14.75
      vertex 18.083180097504506 22.15 16.25
      vertex 21.835956847237075 22.15 16.25
    endloop
  endfacet
  facet normal -0.8660254037844386 0.5000000000000001 0
    outer loop
      vertex 21.835956847237075 22.15 16.25
      vertex 23.71234522210336 25.4 16.25
      vertex 23.71234522210336 25.4 8.25
    endloop
  endfacet
  facet normal 0 0 1
    outer loop
      vertex 18.083180097504506 22.15 8.25
      vertex 21.835956847237075 28.65 8.25
      vertex 18.083180097504506 28.65 8.25
    endloop
  endfacet
  facet normal 0 -1 0
    outer loop
      vertex 18.083180097504506 28.65 8.25
      vertex 21.835956847237075 28.65 8.25
      vertex 20.184568472370792 28.65 9.75
    endloop
  endfacet
  facet normal 0.8660254037844386 -0.5000000000000001 0
    outer loop
      vertex 16.206791722638222 25.4 8.25
      vertex 18.083180097504506 28.65 8.25
      vertex 18.083180097504506 28.65 16.25
    endloop
  endfacet
  facet normal 0 -1 0
    outer loop
      vertex 18.083180097504506 28.65 8.25
      vertex 20.184568472370792 28.65 9.75
      vertex 19.777539648636427 28.65 9.75
    endloop
  endfacet
  facet normal 0 -1 0
    outer loop
      vertex 18.083180097504506 28.65 8.25
      vertex 19.777539648636427 28.65 9.75
      vertex 18.083180097504506 28.65 16.25
    endloop
  endfacet
  facet normal 0 -1 0
    outer loop
      vertex 21.835956847237075 28.65 8.25
      vertex 20.184568472370792 28.65 14.75
      vertex 20.184568472370792 28.65 9.75
    endloop
  endfacet
  facet normal -0.8660254037844386 -0.5000000000000001 0
    outer loop
      vertex 23.71234522210336 25.4 8.25
      vertex 23.71234522210336 25.4 16.25
      vertex 21.835956847237075 28.65 8.25
    endloop
  endfacet
  facet normal 0.8660254037844386 -0.5000000000000001 0
    outer loop
      vertex 16.206791722638222 25.4 8.25
      vertex 18.083180097504506 28.65 16.25
      vertex 16.206791722638222 25.4 16.25
    endloop
  endfacet
  facet normal -0.8660254037844386 -0.5000000000000001 0
    outer loop
      vertex 21.835956847237075 28.65 8.25
      vertex 23.71234522210336 25.4 16.25
      vertex 21.835956847237075 28.65 16.25
    endloop
  endfacet
  facet normal 0 -1 0
    outer loop
      vertex 19.777539648636427 28.65 9.75
      vertex 19.777539648636427 28.65 14.75
      vertex 18.083180097504506 28.65 16.25
    endloop
  endfacet
  facet normal 0 -1 0
    outer loop
      vertex 21.835956847237075 28.65 8.25
      vertex 21.835956847237075 28.65 16.25
      vertex 20.184568472370792 28.65 14.75
    endloop
  endfacet
  facet normal 0 -1 0
    outer loop
      vertex 19.777539648636427 28.65 14.75
      vertex 20.184568472370792 28.65 14.75
      vertex 21.835956847237075 28.65 16.25
    endloop
  endfacet
  facet normal 0 -1 0
    outer loop
      vertex 19.777539648636427 28.65 14.75
      vertex 21.835956847237075 28.65 16.25
      vertex 18.083180097504506 28.65 16.25
    endloop
  endfacet
  facet normal 0 0 -1
    outer loop
      vertex 90.91457531494652 39.083333333333336 17.75
      vertex 91.16613296241523 39.29732104949974 17.75
      vertex 91.32160413868087 39.083333333333336 17.75
    endloop
  endfacet
  facet normal 0 0 -1
    outer loop
      vertex 90.91457531494652 39.083333333333336 17.75
      vertex 90.91457531494652 39.21558501509914 17.75
      vertex 91.16613296241523 39.29732104949974 17.75
    endloop
  endfacet
  facet normal -1 0 0
    outer loop
      vertex 90.91457531494652 39.083333333333336 17.75
      vertex 90.91457531494652 39.083333333333336 22.75
      vertex 90.91457531494652 39.21558501509914 17.75
    endloop
  endfacet
  facet normal -0.3090169943749704 0.9510565162951461 0
    outer loop
      vertex 90.91457531494652 39.21558501509914 17.75
      vertex 90.91457531494652 39.21558501509914 22.75
      vertex 91.16613296241523 39.29732104949974 17.75
    endloop
  endfacet
  facet normal 0.8090169943749472 0.5877852522924731 0
    outer loop
      vertex 91.32160413868087 39.083333333333336 17.75
      vertex 91.16613296241523 39.29732104949974 17.75
      vertex 91.32160413868087 39.083333333333336 22.75
    endloop
  endfacet
  facet normal -1 0 0
    outer loop
      vertex 90.91457531494652 39.21558501509914 17.75
      vertex 90.91457531494652 39.083333333333336 22.75
      vertex 90.91457531494652 39.21558501509914 22.75
    endloop
  endfacet
  facet normal -0.3090169943749704 0.9510565162951461 0
    outer loop
      vertex 91.16613296241523 39.29732104949974 17.75
      vertex 90.91457531494652 39.21558501509914 22.75
      vertex 91.16613296241523 39.29732104949974 22.75
    endloop
  endfacet
  facet normal 0.8090169943749472 0.5877852522924731 0
    outer loop
      vertex 91.16613296241523 39.29732104949974 17.75
      vertex 91.16613296241523 39.29732104949974 22.75
      vertex 91.32160413868087 39.083333333333336 22.75
    endloop
  endfacet
  facet normal 0 0 1
    outer loop
      vertex 90.91457531494652 39.083333333333336 22.75
      vertex 91.32160413868087 39.083333333333336 22.75
      vertex 90.91457531494652 39.21558501509914 22.75
    endloop
  endfacet
  facet normal 0 0 1
    outer loop
      vertex 90.91457531494652 39.21558501509914 22.75
      vertex 91.32160413868087 39.083333333333336 22.75
      vertex 91.16613296241523 39.29732104949974 22.75
    endloop
  endfacet
  facet normal 0 0 -1
    outer loop
      vertex 79.05840270389484 39.083333333333336 17.75
      vertex 79.30996035136356 39.29732104949974 17.75
      vertex 79.46543152762919 39.083333333333336 17.75
    endloop
  endfacet
  facet normal 0 0 -1
    outer loop
      vertex 79.05840270389484 39.083333333333336 17.75
      vertex 79.05840270389484 39.21558501509914 17.75
      vertex 79.30996035136356 39.29732104949974 17.75
    endloop
  endfacet
  facet normal -1 0 0
    outer loop
      vertex 79.05840270389484 39.083333333333336 17.75
      vertex 79.05840270389484 39.083333333333336 22.75
      vertex 79.05840270389484 39.21558501509914 17.75
    endloop
  endfacet
  facet normal -0.3090169943749704 0.9510565162951461 0
    outer loop
      vertex 79.05840270389484 39.21558501509914 17.75
      vertex 79.05840270389484 39.21558501509914 22.75
      vertex 79.30996035136356 39.29732104949974 17.75
    endloop
  endfacet
  facet normal 0.8090169943749472 0.5877852522924731 0
    outer loop
      vertex 79.46543152762919 39.083333333333336 17.75
      vertex 79.30996035136356 39.29732104949974 17.75
      vertex 79.46543152762919 39.083333333333336 22.75
    endloop
  endfacet
  facet normal -1 0 0
    outer loop
      vertex 79.05840270389484 39.21558501509914 17.75
      vertex 79.05840270389484 39.083333333333336 22.75
      vertex 79.05840270389484 39.21558501509914 22.75
    endloop
  endfacet
  facet normal -0.3090169943749704 0.9510565162951461 0
    outer loop
      vertex 79.30996035136356 39.29732104949974 17.75
      vertex 79.05840270389484 39.21558501509914 22.75
      vertex 79.30996035136356 39.29732104949974 22.75
    endloop
  endfacet
  facet normal 0.8090169943749472 0.5877852522924731 0
    outer loop
      vertex 79.30996035136356 39.29732104949974 17.75
      vertex 79.30996035136356 39.29732104949974 22.75
      vertex 79.46543152762919 39.083333333333336 22.75
    endloop
  endfacet
  facet normal 0 0 1
    outer loop
      vertex 79.05840270389484 39.083333333333336 22.75
      vertex 79.46543152762919 39.083333333333336 22.75
      vertex 79.05840270389484 39.21558501509914 22.75
    endloop
  endfacet
  facet normal 0 0 1
    outer loop
      vertex 79.05840270389484 39.21558501509914 22.75
      vertex 79.46543152762919 39.083333333333336 22.75
      vertex 79.30996035136356 39.29732104949974 22.75
    endloop
  endfacet
  facet normal 0 0 -1
    outer loop
      vertex 67.20223009284315 39.083333333333336 17.75
      vertex 67.20223009284315 39.21558501509914 17.75
      vertex 67.45378774031187 39.29732104949974 17.75
    endloop
  endfacet
  facet normal 0 0 -1
    outer loop
      vertex 67.20223009284315 39.083333333333336 17.75
      vertex 67.45378774031187 39.29732104949974 17.75
      vertex 67.6092589165775 39.083333333333336 17.75
    endloop
  endfacet
  facet normal -1 0 0
    outer loop
      vertex 67.20223009284315 39.083333333333336 17.75
      vertex 67.20223009284315 39.083333333333336 22.75
      vertex 67.20223009284315 39.21558501509914 17.75
    endloop
  endfacet
  facet normal -0.3090169943749704 0.9510565162951461 0
    outer loop
      vertex 67.20223009284315 39.21558501509914 17.75
      vertex 67.20223009284315 39.21558501509914 22.75
      vertex 67.45378774031187 39.29732104949974 17.75
    endloop
  endfacet
  facet normal 0.8090169943749472 0.5877852522924731 0
    outer loop
      vertex 67.6092589165775 39.083333333333336 17.75
      vertex 67.45378774031187 39.29732104949974 17.75
      vertex 67.6092589165775 39.083333333333336 22.75
    endloop
  endfacet
  facet normal -1 0 0
    outer loop
      vertex 67.20223009284315 39.21558501509914 17.75
      vertex 67.20223009284315 39.083333333333336 22.75
      vertex 67.20223009284315 39.21558501509914 22.75
    endloop
  endfacet
  facet normal -0.3090169943749704 0.9510565162951461 0
    outer loop
      vertex 67.45378774031187 39.29732104949974 17.75
      vertex 67.20223009284315 39.21558501509914 22.75
      vertex 67.45378774031187 39.29732104949974 22.75
    endloop
  endfacet
  facet normal 0.8090169943749472 0.5877852522924731 0
    outer loop
      vertex 67.45378774031187 39.29732104949974 17.75
      vertex 67.45378774031187 39.29732104949974 22.75
      vertex 67.6092589165775 39.083333333333336 22.75
    endloop
  endfacet
  facet normal 0 0 1
    outer loop
      vertex 67.20223009284315 39.083333333333336 22.75
      vertex 67.6092589165775 39.083333333333336 22.75
      vertex 67.20223009284315 39.21558501509914 22.75
    endloop
  endfacet
  facet normal 0 0 1
    outer loop
      vertex 67.20223009284315 39.21558501509914 22.75
      vertex 67.6092589165775 39.083333333333336 22.75
      vertex 67.45378774031187 39.29732104949974 22.75
    endloop
  endfacet
  facet normal 0 0 -1
    outer loop
      vertex 55.34605748179147 39.083333333333336 17.75
      vertex 55.34605748179147 39.21558501509914 17.75
      vertex 55.5976151292602 39.29732104949974 17.75
    endloop
  endfacet
  facet normal 0 0 -1
    outer loop
      vertex 55.34605748179147 39.083333333333336 17.75
      vertex 55.5976151292602 39.29732104949974 17.75
      vertex 55.753086305525834 39.083333333333336 17.75
    endloop
  endfacet
  facet normal -1 0 0
    outer loop
      vertex 55.34605748179147 39.083333333333336 17.75
      vertex 55.34605748179147 39.083333333333336 22.75
      vertex 55.34605748179147 39.21558501509914 17.75
    endloop
  endfacet
  facet normal -0.3090169943749546 0.9510565162951512 0
    outer loop
      vertex 55.34605748179147 39.21558501509914 17.75
      vertex 55.34605748179147 39.21558501509914 22.75
      vertex 55.5976151292602 39.29732104949974 17.75
    endloop
  endfacet
  facet normal 0.8090169943749472 0.5877852522924731 0
    outer loop
      vertex 55.753086305525834 39.083333333333336 17.75
      vertex 55.5976151292602 39.29732104949974 17.75
      vertex 55.753086305525834 39.083333333333336 22.75
    endloop
  endfacet
  facet normal -1 0 0
    outer loop
      vertex 55.34605748179147 39.21558501509914 17.75
      vertex 55.34605748179147 39.083333333333336 22.75
      vertex 55.34605748179147 39.21558501509914 22.75
    endloop
  endfacet
  facet normal -0.3090169943749546 0.9510565162951512 0
    outer loop
      vertex 55.5976151292602 39.29732104949974 17.75
      vertex 55.34605748179147 39.21558501509914 22.75
      vertex 55.5976151292602 39.29732104949974 22.75
    endloop
  endfacet
  facet normal 0.8090169943749472 0.5877852522924731 0
    outer loop
      vertex 55.5976151292602 39.29732104949974 17.75
      vertex 55.5976151292602 39.29732104949974 22.75
      vertex 55.753086305525834 39.083333333333336 22.75
    endloop
  endfacet
  facet normal 0 0 1
    outer loop
      vertex 55.34605748179147 39.083333333333336 22.75
      vertex 55.753086305525834 39.083333333333336 22.75
      vertex 55.34605748179147 39.21558501509914 22.75
    endloop
  endfacet
  facet normal 0 0 1
    outer loop
      vertex 55.34605748179147 39.21558501509914 22.75
      vertex 55.753086305525834 39.083333333333336 22.75
      vertex 55.5976151292602 39.29732104949974 22.75
    endloop
  endfacet
  facet normal 0 0 -1
    outer loop
      vertex 43.48988487073979 39.083333333333336 17.75
      vertex 43.74144251820852 39.29732104949974 17.75
      vertex 43.89691369447416 39.083333333333336 17.75
    endloop
  endfacet
  facet normal 0 0 -1
    outer loop
      vertex 43.48988487073979 39.083333333333336 17.75
      vertex 43.48988487073979 39.21558501509914 17.75
      vertex 43.74144251820852 39.29732104949974 17.75
    endloop
  endfacet
  facet normal -1 0 0
    outer loop
      vertex 43.48988487073979 39.083333333333336 17.75
      vertex 43.48988487073979 39.083333333333336 22.75
      vertex 43.48988487073979 39.21558501509914 17.75
    endloop
  endfacet
  facet normal -0.3090169943749546 0.9510565162951512 0
    outer loop
      vertex 43.48988487073979 39.21558501509914 17.75
      vertex 43.48988487073979 39.21558501509914 22.75
      vertex 43.74144251820852 39.29732104949974 17.75
    endloop
  endfacet
  facet normal 0.8090169943749472 0.5877852522924731 0
    outer loop
      vertex 43.89691369447416 39.083333333333336 17.75
      vertex 43.74144251820852 39.29732104949974 17.75
      vertex 43.89691369447416 39.083333333333336 22.75
    endloop
  endfacet
  facet normal -1 0 0
    outer loop
      vertex 43.48988487073979 39.21558501509914 17.75
      vertex 43.48988487073979 39.083333333333336 22.75
      vertex 43.48988487073979 39.21558501509914 22.75
    endloop
  endfacet
  facet normal -0.3090169943749546 0.9510565162951512 0
    outer loop
      vertex 43.74144251820852 39.29732104949974 17.75
      vertex 43.48988487073979 39.21558501509914 22.75
      vertex 43.74144251820852 39.29732104949974 22.75
    endloop
  endfacet
  facet normal 0.8090169943749472 0.5877852522924731 0
    outer loop
      vertex 43.74144251820852 39.29732104949974 17.75
      vertex 43.74144251820852 39.29732104949974 22.75
      vertex 43.89691369447416 39.083333333333336 22.75
    endloop
  endfacet
  facet normal 0 0 1
    outer loop
      vertex 43.48988487073979 39.083333333333336 22.75
      vertex 43.89691369447416 39.083333333333336 22.75
      vertex 43.48988487073979 39.21558501509914 22.75
    endloop
  endfacet
  facet normal 0 0 1
    outer loop
      vertex 43.48988487073979 39.21558501509914 22.75
      vertex 43.89691369447416 39.083333333333336 22.75
      vertex 43.74144251820852 39.29732104949974 22.75
    endloop
  endfacet
  facet normal 0 0 -1
    outer loop
      vertex 31.63371225968811 39.083333333333336 17.75
      vertex 31.63371225968811 39.21558501509914 17.75
      vertex 31.885269907156836 39.29732104949974 17.75
    endloop
  endfacet
  facet normal 0 0 -1
    outer loop
      vertex 31.63371225968811 39.083333333333336 17.75
      vertex 31.885269907156836 39.29732104949974 17.75
      vertex 32.040741083422475 39.083333333333336 17.75
    endloop
  endfacet
  facet normal -1 0 0
    outer loop
      vertex 31.63371225968811 39.083333333333336 17.75
      vertex 31.63371225968811 39.083333333333336 22.75
      vertex 31.63371225968811 39.21558501509914 17.75
    endloop
  endfacet
  facet normal -0.30901699437495855 0.95105651629515 0
    outer loop
      vertex 31.63371225968811 39.21558501509914 17.75
      vertex 31.63371225968811 39.21558501509914 22.75
      vertex 31.885269907156836 39.29732104949974 17.75
    endloop
  endfacet
  facet normal 0.809016994374941 0.587785252292482 0
    outer loop
      vertex 32.040741083422475 39.083333333333336 17.75
      vertex 31.885269907156836 39.29732104949974 17.75
      vertex 32.040741083422475 39.083333333333336 22.75
    endloop
  endfacet
  facet normal -1 0 0
    outer loop
      vertex 31.63371225968811 39.21558501509914 17.75
      vertex 31.63371225968811 39.083333333333336 22.75
      vertex 31.63371225968811 39.21558501509914 22.75
    endloop
  endfacet
  facet normal -0.30901699437495855 0.95105651629515 0
    outer loop
      vertex 31.885269907156836 39.29732104949974 17.75
      vertex 31.63371225968811 39.21558501509914 22.75
      vertex 31.885269907156836 39.29732104949974 22.75
    endloop
  endfacet
  facet normal 0.809016994374941 0.587785252292482 0
    outer loop
      vertex 31.885269907156836 39.29732104949974 17.75
      vertex 31.885269907156836 39.29732104949974 22.75
      vertex 32.040741083422475 39.083333333333336 22.75
    endloop
  endfacet
  facet normal 0 0 1
    outer loop
      vertex 31.63371225968811 39.083333333333336 22.75
      vertex 32.040741083422475 39.083333333333336 22.75
      vertex 31.63371225968811 39.21558501509914 22.75
    endloop
  endfacet
  facet normal 0 0 1
    outer loop
      vertex 31.63371225968811 39.21558501509914 22.75
      vertex 32.040741083422475 39.083333333333336 22.75
      vertex 31.885269907156836 39.29732104949974 22.75
    endloop
  endfacet
  facet normal 0 0 -1
    outer loop
      vertex 7.92136703758475 39.083333333333336 17.75
      vertex 8.172924685053475 39.29732104949974 17.75
      vertex 8.328395861319112 39.083333333333336 17.75
    endloop
  endfacet
  facet normal 0 0 -1
    outer loop
      vertex 7.92136703758475 39.083333333333336 17.75
      vertex 7.92136703758475 39.21558501509914 17.75
      vertex 8.172924685053475 39.29732104949974 17.75
    endloop
  endfacet
  facet normal -1 0 0
    outer loop
      vertex 7.92136703758475 39.083333333333336 17.75
      vertex 7.92136703758475 39.083333333333336 22.75
      vertex 7.92136703758475 39.21558501509914 17.75
    endloop
  endfacet
  facet normal -0.30901699437495855 0.95105651629515 0
    outer loop
      vertex 7.92136703758475 39.21558501509914 17.75
      vertex 7.92136703758475 39.21558501509914 22.75
      vertex 8.172924685053475 39.29732104949974 17.75
    endloop
  endfacet
  facet normal 0.8090169943749441 0.5877852522924776 0
    outer loop
      vertex 8.328395861319112 39.083333333333336 17.75
      vertex 8.172924685053475 39.29732104949974 17.75
      vertex 8.328395861319112 39.083333333333336 22.75
    endloop
  endfacet
  facet normal -1 0 0
    outer loop
      vertex 7.92136703758475 39.21558501509914 17.75
      vertex 7.92136703758475 39.083333333333336 22.75
      vertex 7.92136703758475 39.21558501509914 22.75
    endloop
  endfacet
  facet normal -0.30901699437495855 0.95105651629515 0
    outer loop
      vertex 8.172924685053475 39.29732104949974 17.75
      vertex 7.92136703758475 39.21558501509914 22.75
      vertex 8.172924685053475 39.29732104949974 22.75
    endloop
  endfacet
  facet normal 0.8090169943749441 0.5877852522924776 0
    outer loop
      vertex 8.172924685053475 39.29732104949974 17.75
      vertex 8.172924685053475 39.29732104949974 22.75
      vertex 8.328395861319112 39.083333333333336 22.75
    endloop
  endfacet
  facet normal 0 0 1
    outer loop
      vertex 7.92136703758475 39.083333333333336 22.75
      vertex 8.328395861319112 39.083333333333336 22.75
      vertex 7.92136703758475 39.21558501509914 22.75
    endloop
  endfacet
  facet normal 0 0 1
    outer loop
      vertex 7.92136703758475 39.21558501509914 22.75
      vertex 8.328395861319112 39.083333333333336 22.75
      vertex 8.172924685053475 39.29732104949974 22.75
    endloop
  endfacet
  facet normal 0 0 -1
    outer loop
      vertex 19.777539648636427 39.083333333333336 17.75
      vertex 19.777539648636427 39.21558501509914 17.75
      vertex 20.029097296105153 39.29732104949974 17.75
    endloop
  endfacet
  facet normal 0 0 -1
    outer loop
      vertex 19.777539648636427 39.083333333333336 17.75
      vertex 20.029097296105153 39.29732104949974 17.75
      vertex 20.184568472370792 39.083333333333336 17.75
    endloop
  endfacet
  facet normal -1 0 0
    outer loop
      vertex 19.777539648636427 39.083333333333336 17.75
      vertex 19.777539648636427 39.083333333333336 22.75
      vertex 19.777539648636427 39.21558501509914 17.75
    endloop
  endfacet
  facet normal -0.30901699437495855 0.95105651629515 0
    outer loop
      vertex 19.777539648636427 39.21558501509914 17.75
      vertex 19.777539648636427 39.21558501509914 22.75
      vertex 20.029097296105153 39.29732104949974 17.75
    endloop
  endfacet
  facet normal 0.809016994374941 0.587785252292482 -1.9647362199587535e-18
    outer loop
      vertex 20.029097296105153 39.29732104949974 17.75
      vertex 20.184568472370792 39.083333333333336 22.75
      vertex 20.184568472370792 39.083333333333336 17.75
    endloop
  endfacet
  facet normal -1 0 0
    outer loop
      vertex 19.777539648636427 39.21558501509914 17.75
      vertex 19.777539648636427 39.083333333333336 22.75
      vertex 19.777539648636427 39.21558501509914 22.75
    endloop
  endfacet
  facet normal -0.30901699437495855 0.95105651629515 0
    outer loop
      vertex 20.029097296105153 39.29732104949974 17.75
      vertex 19.777539648636427 39.21558501509914 22.75
      vertex 20.029097296105153 39.29732104949974 22.75
    endloop
  endfacet
  facet normal 0.809016994374941 0.587785252292482 0
    outer loop
      vertex 20.029097296105153 39.29732104949974 17.75
      vertex 20.029097296105153 39.29732104949974 22.75
      vertex 20.184568472370792 39.083333333333336 22.75
    endloop
  endfacet
  facet normal 0 0 1
    outer loop
      vertex 19.777539648636427 39.083333333333336 22.75
      vertex 20.184568472370792 39.083333333333336 22.75
      vertex 19.777539648636427 39.21558501509914 22.75
    endloop
  endfacet
  facet normal 0 0 1
    outer loop
      vertex 19.777539648636427 39.21558501509914 22.75
      vertex 20.184568472370792 39.083333333333336 22.75
      vertex 20.029097296105153 39.29732104949974 22.75
    endloop
  endfacet
  facet normal 0 0 -1
    outer loop
      vertex 90.91457531494652 5.216666666666667 1.75
      vertex 90.91457531494652 5.348918348432473 1.75
      vertex 91.16613296241523 5.430654382833076 1.75
    endloop
  endfacet
  facet normal 0 0 -1
    outer loop
      vertex 90.91457531494652 5.216666666666667 1.75
      vertex 91.16613296241523 5.430654382833076 1.75
      vertex 91.32160413868087 5.216666666666667 1.75
    endloop
  endfacet
  facet normal -1 0 0
    outer loop
      vertex 90.91457531494652 5.216666666666667 1.75
      vertex 90.91457531494652 5.216666666666667 6.75
      vertex 90.91457531494652 5.348918348432473 1.75
    endloop
  endfacet
  facet normal 0.8090169943749497 0.58778525229247 0
    outer loop
      vertex 91.32160413868087 5.216666666666667 1.75
      vertex 91.16613296241523 5.430654382833076 1.75
      vertex 91.32160413868087 5.216666666666667 6.75
    endloop
  endfacet
  facet normal -0.3090169943749583 0.9510565162951501 0
    outer loop
      vertex 90.91457531494652 5.348918348432473 1.75
      vertex 90.91457531494652 5.348918348432473 6.75
      vertex 91.16613296241523 5.430654382833076 1.75
    endloop
  endfacet
  facet normal -1 0 0
    outer loop
      vertex 90.91457531494652 5.348918348432473 1.75
      vertex 90.91457531494652 5.216666666666667 6.75
      vertex 90.91457531494652 5.348918348432473 6.75
    endloop
  endfacet
  facet normal -0.3090169943749583 0.9510565162951501 0
    outer loop
      vertex 91.16613296241523 5.430654382833076 1.75
      vertex 90.91457531494652 5.348918348432473 6.75
      vertex 91.16613296241523 5.430654382833076 6.75
    endloop
  endfacet
  facet normal 0.8090169943749497 0.58778525229247 0
    outer loop
      vertex 91.16613296241523 5.430654382833076 1.75
      vertex 91.16613296241523 5.430654382833076 6.75
      vertex 91.32160413868087 5.216666666666667 6.75
    endloop
  endfacet
  facet normal 0 0 1
    outer loop
      vertex 90.91457531494652 5.216666666666667 6.75
      vertex 91.32160413868087 5.216666666666667 6.75
      vertex 90.91457531494652 5.348918348432473 6.75
    endloop
  endfacet
  facet normal 0 0 1
    outer loop
      vertex 90.91457531494652 5.348918348432473 6.75
      vertex 91.32160413868087 5.216666666666667 6.75
      vertex 91.16613296241523 5.430654382833076 6.75
    endloop
  endfacet
  facet normal 0 0 -1
    outer loop
      vertex 79.05840270389484 5.216666666666667 1.75
      vertex 79.05840270389484 5.348918348432473 1.75
      vertex 79.30996035136356 5.430654382833076 1.75
    endloop
  endfacet
  facet normal 0 0 -1
    outer loop
      vertex 79.05840270389484 5.216666666666667 1.75
      vertex 79.30996035136356 5.430654382833076 1.75
      vertex 79.46543152762919 5.216666666666667 1.75
    endloop
  endfacet
  facet normal -1 0 0
    outer loop
      vertex 79.05840270389484 5.216666666666667 1.75
      vertex 79.05840270389484 5.216666666666667 6.75
      vertex 79.05840270389484 5.348918348432473 1.75
    endloop
  endfacet
  facet normal -0.3090169943749583 0.9510565162951501 0
    outer loop
      vertex 79.05840270389484 5.348918348432473 1.75
      vertex 79.05840270389484 5.348918348432473 6.75
      vertex 79.30996035136356 5.430654382833076 1.75
    endloop
  endfacet
  facet normal 0.8090169943749497 0.58778525229247 2.0284981877251732e-18
    outer loop
      vertex 79.30996035136356 5.430654382833076 1.75
      vertex 79.46543152762919 5.216666666666667 6.75
      vertex 79.46543152762919 5.216666666666667 1.75
    endloop
  endfacet
  facet normal -1 0 0
    outer loop
      vertex 79.05840270389484 5.348918348432473 1.75
      vertex 79.05840270389484 5.216666666666667 6.75
      vertex 79.05840270389484 5.348918348432473 6.75
    endloop
  endfacet
  facet normal -0.3090169943749583 0.9510565162951501 0
    outer loop
      vertex 79.30996035136356 5.430654382833076 1.75
      vertex 79.05840270389484 5.348918348432473 6.75
      vertex 79.30996035136356 5.430654382833076 6.75
    endloop
  endfacet
  facet normal 0.8090169943749497 0.58778525229247 0
    outer loop
      vertex 79.30996035136356 5.430654382833076 1.75
      vertex 79.30996035136356 5.430654382833076 6.75
      vertex 79.46543152762919 5.216666666666667 6.75
    endloop
  endfacet
  facet normal 0 0 1
    outer loop
      vertex 79.05840270389484 5.216666666666667 6.75
      vertex 79.46543152762919 5.216666666666667 6.75
      vertex 79.05840270389484 5.348918348432473 6.75
    endloop
  endfacet
  facet normal 0 0 1
    outer loop
      vertex 79.05840270389484 5.348918348432473 6.75
      vertex 79.46543152762919 5.216666666666667 6.75
      vertex 79.30996035136356 5.430654382833076 6.75
    endloop
  endfacet
  facet normal 0 0 -1
    outer loop
      vertex 67.20223009284315 5.216666666666667 1.75
      vertex 67.20223009284315 5.348918348432473 1.75
      vertex 67.45378774031187 5.430654382833076 1.75
    endloop
  endfacet
  facet normal 0 0 -1
    outer loop
      vertex 67.20223009284315 5.216666666666667 1.75
      vertex 67.45378774031187 5.430654382833076 1.75
      vertex 67.6092589165775 5.216666666666667 1.75
    endloop
  endfacet
  facet normal -1 0 0
    outer loop
      vertex 67.20223009284315 5.216666666666667 1.75
      vertex 67.20223009284315 5.216666666666667 6.75
      vertex 67.20223009284315 5.348918348432473 1.75
    endloop
  endfacet
  facet normal 0.8090169943749497 0.58778525229247 0
    outer loop
      vertex 67.6092589165775 5.216666666666667 1.75
      vertex 67.45378774031187 5.430654382833076 1.75
      vertex 67.6092589165775 5.216666666666667 6.75
    endloop
  endfacet
  facet normal -0.3090169943749583 0.9510565162951501 0
    outer loop
      vertex 67.20223009284315 5.348918348432473 1.75
      vertex 67.20223009284315 5.348918348432473 6.75
      vertex 67.45378774031187 5.430654382833076 1.75
    endloop
  endfacet
  facet normal -1 0 0
    outer loop
      vertex 67.20223009284315 5.348918348432473 1.75
      vertex 67.20223009284315 5.216666666666667 6.75
      vertex 67.20223009284315 5.348918348432473 6.75
    endloop
  endfacet
  facet normal -0.3090169943749583 0.9510565162951501 0
    outer loop
      vertex 67.45378774031187 5.430654382833076 1.75
      vertex 67.20223009284315 5.348918348432473 6.75
      vertex 67.45378774031187 5.430654382833076 6.75
    endloop
  endfacet
  facet normal 0.8090169943749497 0.58778525229247 0
    outer loop
      vertex 67.45378774031187 5.430654382833076 1.75
      vertex 67.45378774031187 5.430654382833076 6.75
      vertex 67.6092589165775 5.216666666666667 6.75
    endloop
  endfacet
  facet normal 0 0 1
    outer loop
      vertex 67.20223009284315 5.216666666666667 6.75
      vertex 67.6092589165775 5.216666666666667 6.75
      vertex 67.20223009284315 5.348918348432473 6.75
    endloop
  endfacet
  facet normal 0 0 1
    outer loop
      vertex 67.20223009284315 5.348918348432473 6.75
      vertex 67.6092589165775 5.216666666666667 6.75
      vertex 67.45378774031187 5.430654382833076 6.75
    endloop
  endfacet
  facet normal 0 0 -1
    outer loop
      vertex 55.34605748179147 5.216666666666667 1.75
      vertex 55.34605748179147 5.348918348432473 1.75
      vertex 55.5976151292602 5.430654382833076 1.75
    endloop
  endfacet
  facet normal 0 0 -1
    outer loop
      vertex 55.34605748179147 5.216666666666667 1.75
      vertex 55.5976151292602 5.430654382833076 1.75
      vertex 55.753086305525834 5.216666666666667 1.75
    endloop
  endfacet
  facet normal -1 0 0
    outer loop
      vertex 55.34605748179147 5.216666666666667 1.75
      vertex 55.34605748179147 5.216666666666667 6.75
      vertex 55.34605748179147 5.348918348432473 1.75
    endloop
  endfacet
  facet normal -0.30901699437494246 0.9510565162951552 0
    outer loop
      vertex 55.34605748179147 5.348918348432473 1.75
      vertex 55.34605748179147 5.348918348432473 6.75
      vertex 55.5976151292602 5.430654382833076 1.75
    endloop
  endfacet
  facet normal 0.8090169943749497 0.58778525229247 0
    outer loop
      vertex 55.753086305525834 5.216666666666667 1.75
      vertex 55.5976151292602 5.430654382833076 1.75
      vertex 55.753086305525834 5.216666666666667 6.75
    endloop
  endfacet
  facet normal -1 0 0
    outer loop
      vertex 55.34605748179147 5.348918348432473 1.75
      vertex 55.34605748179147 5.216666666666667 6.75
      vertex 55.34605748179147 5.348918348432473 6.75
    endloop
  endfacet
  facet normal -0.30901699437494246 0.9510565162951552 0
    outer loop
      vertex 55.5976151292602 5.430654382833076 1.75
      vertex 55.34605748179147 5.348918348432473 6.75
      vertex 55.5976151292602 5.430654382833076 6.75
    endloop
  endfacet
  facet normal 0.8090169943749497 0.58778525229247 0
    outer loop
      vertex 55.5976151292602 5.430654382833076 1.75
      vertex 55.5976151292602 5.430654382833076 6.75
      vertex 55.753086305525834 5.216666666666667 6.75
    endloop
  endfacet
  facet normal 0 0 1
    outer loop
      vertex 55.34605748179147 5.216666666666667 6.75
      vertex 55.753086305525834 5.216666666666667 6.75
      vertex 55.34605748179147 5.348918348432473 6.75
    endloop
  endfacet
  facet normal 0 0 1
    outer loop
      vertex 55.34605748179147 5.348918348432473 6.75
      vertex 55.753086305525834 5.216666666666667 6.75
      vertex 55.5976151292602 5.430654382833076 6.75
    endloop
  endfacet
  facet normal 0 0 -1
    outer loop
      vertex 43.48988487073979 5.216666666666667 1.75
      vertex 43.48988487073979 5.348918348432473 1.75
      vertex 43.74144251820852 5.430654382833076 1.75
    endloop
  endfacet
  facet normal 0 0 -1
    outer loop
      vertex 43.48988487073979 5.216666666666667 1.75
      vertex 43.74144251820852 5.430654382833076 1.75
      vertex 43.89691369447416 5.216666666666667 1.75
    endloop
  endfacet
  facet normal -1 0 0
    outer loop
      vertex 43.48988487073979 5.216666666666667 1.75
      vertex 43.48988487073979 5.216666666666667 6.75
      vertex 43.48988487073979 5.348918348432473 1.75
    endloop
  endfacet
  facet normal -0.30901699437494246 0.9510565162951552 0
    outer loop
      vertex 43.48988487073979 5.348918348432473 1.75
      vertex 43.48988487073979 5.348918348432473 6.75
      vertex 43.74144251820852 5.430654382833076 1.75
    endloop
  endfacet
  facet normal 0.8090169943749497 0.58778525229247 2.0284981877251732e-18
    outer loop
      vertex 43.74144251820852 5.430654382833076 1.75
      vertex 43.89691369447416 5.216666666666667 6.75
      vertex 43.89691369447416 5.216666666666667 1.75
    endloop
  endfacet
  facet normal -1 0 0
    outer loop
      vertex 43.48988487073979 5.348918348432473 1.75
      vertex 43.48988487073979 5.216666666666667 6.75
      vertex 43.48988487073979 5.348918348432473 6.75
    endloop
  endfacet
  facet normal -0.30901699437494246 0.9510565162951552 0
    outer loop
      vertex 43.74144251820852 5.430654382833076 1.75
      vertex 43.48988487073979 5.348918348432473 6.75
      vertex 43.74144251820852 5.430654382833076 6.75
    endloop
  endfacet
  facet normal 0.8090169943749497 0.58778525229247 0
    outer loop
      vertex 43.74144251820852 5.430654382833076 1.75
      vertex 43.74144251820852 5.430654382833076 6.75
      vertex 43.89691369447416 5.216666666666667 6.75
    endloop
  endfacet
  facet normal 0 0 1
    outer loop
      vertex 43.48988487073979 5.216666666666667 6.75
      vertex 43.89691369447416 5.216666666666667 6.75
      vertex 43.48988487073979 5.348918348432473 6.75
    endloop
  endfacet
  facet normal 0 0 1
    outer loop
      vertex 43.48988487073979 5.348918348432473 6.75
      vertex 43.89691369447416 5.216666666666667 6.75
      vertex 43.74144251820852 5.430654382833076 6.75
    endloop
  endfacet
  facet normal 0 0 -1
    outer loop
      vertex 31.63371225968811 5.216666666666667 1.75
      vertex 31.63371225968811 5.348918348432473 1.75
      vertex 31.885269907156836 5.430654382833076 1.75
    endloop
  endfacet
  facet normal 0 0 -1
    outer loop
      vertex 31.63371225968811 5.216666666666667 1.75
      vertex 31.885269907156836 5.430654382833076 1.75
      vertex 32.040741083422475 5.216666666666667 1.75
    endloop
  endfacet
  facet normal -1 0 0
    outer loop
      vertex 31.63371225968811 5.216666666666667 1.75
      vertex 31.63371225968811 5.216666666666667 6.75
      vertex 31.63371225968811 5.348918348432473 1.75
    endloop
  endfacet
  facet normal 0.8090169943749432 0.5877852522924788 0
    outer loop
      vertex 32.040741083422475 5.216666666666667 1.75
      vertex 31.885269907156836 5.430654382833076 1.75
      vertex 32.040741083422475 5.216666666666667 6.75
    endloop
  endfacet
  facet normal -0.3090169943749464 0.951056516295154 0
    outer loop
      vertex 31.63371225968811 5.348918348432473 1.75
      vertex 31.63371225968811 5.348918348432473 6.75
      vertex 31.885269907156836 5.430654382833076 1.75
    endloop
  endfacet
  facet normal -1 0 0
    outer loop
      vertex 31.63371225968811 5.348918348432473 1.75
      vertex 31.63371225968811 5.216666666666667 6.75
      vertex 31.63371225968811 5.348918348432473 6.75
    endloop
  endfacet
  facet normal -0.3090169943749464 0.951056516295154 0
    outer loop
      vertex 31.885269907156836 5.430654382833076 1.75
      vertex 31.63371225968811 5.348918348432473 6.75
      vertex 31.885269907156836 5.430654382833076 6.75
    endloop
  endfacet
  facet normal 0.8090169943749432 0.5877852522924788 0
    outer loop
      vertex 31.885269907156836 5.430654382833076 1.75
      vertex 31.885269907156836 5.430654382833076 6.75
      vertex 32.040741083422475 5.216666666666667 6.75
    endloop
  endfacet
  facet normal 0 0 1
    outer loop
      vertex 31.63371225968811 5.216666666666667 6.75
      vertex 32.040741083422475 5.216666666666667 6.75
      vertex 31.63371225968811 5.348918348432473 6.75
    endloop
  endfacet
  facet normal 0 0 1
    outer loop
      vertex 31.63371225968811 5.348918348432473 6.75
      vertex 32.040741083422475 5.216666666666667 6.75
      vertex 31.885269907156836 5.430654382833076 6.75
    endloop
  endfacet
  facet normal 0 0 -1
    outer loop
      vertex 7.92136703758475 5.216666666666667 1.75
      vertex 7.92136703758475 5.348918348432473 1.75
      vertex 8.172924685053475 5.430654382833076 1.75
    endloop
  endfacet
  facet normal 0 0 -1
    outer loop
      vertex 7.92136703758475 5.216666666666667 1.75
      vertex 8.172924685053475 5.430654382833076 1.75
      vertex 8.328395861319112 5.216666666666667 1.75
    endloop
  endfacet
  facet normal -1 0 0
    outer loop
      vertex 7.92136703758475 5.216666666666667 1.75
      vertex 7.92136703758475 5.216666666666667 6.75
      vertex 7.92136703758475 5.348918348432473 1.75
    endloop
  endfacet
  facet normal -0.3090169943749464 0.951056516295154 0
    outer loop
      vertex 7.92136703758475 5.348918348432473 1.75
      vertex 7.92136703758475 5.348918348432473 6.75
      vertex 8.172924685053475 5.430654382833076 1.75
    endloop
  endfacet
  facet normal 0.8090169943749463 0.5877852522924744 0
    outer loop
      vertex 8.328395861319112 5.216666666666667 1.75
      vertex 8.172924685053475 5.430654382833076 1.75
      vertex 8.328395861319112 5.216666666666667 6.75
    endloop
  endfacet
  facet normal -1 0 0
    outer loop
      vertex 7.92136703758475 5.348918348432473 1.75
      vertex 7.92136703758475 5.216666666666667 6.75
      vertex 7.92136703758475 5.348918348432473 6.75
    endloop
  endfacet
  facet normal -0.3090169943749464 0.951056516295154 0
    outer loop
      vertex 8.172924685053475 5.430654382833076 1.75
      vertex 7.92136703758475 5.348918348432473 6.75
      vertex 8.172924685053475 5.430654382833076 6.75
    endloop
  endfacet
  facet normal 0.8090169943749463 0.5877852522924744 0
    outer loop
      vertex 8.172924685053475 5.430654382833076 1.75
      vertex 8.172924685053475 5.430654382833076 6.75
      vertex 8.328395861319112 5.216666666666667 6.75
    endloop
  endfacet
  facet normal 0 0 1
    outer loop
      vertex 7.92136703758475 5.216666666666667 6.75
      vertex 8.328395861319112 5.216666666666667 6.75
      vertex 7.92136703758475 5.348918348432473 6.75
    endloop
  endfacet
  facet normal 0 0 1
    outer loop
      vertex 7.92136703758475 5.348918348432473 6.75
      vertex 8.328395861319112 5.216666666666667 6.75
      vertex 8.172924685053475 5.430654382833076 6.75
    endloop
  endfacet
  facet normal 0 0 -1
    outer loop
      vertex 19.777539648636427 5.216666666666667 1.75
      vertex 19.777539648636427 5.348918348432473 1.75
      vertex 20.029097296105153 5.430654382833076 1.75
    endloop
  endfacet
  facet normal 0 0 -1
    outer loop
      vertex 19.777539648636427 5.216666666666667 1.75
      vertex 20.029097296105153 5.430654382833076 1.75
      vertex 20.184568472370792 5.216666666666667 1.75
    endloop
  endfacet
  facet normal -1 0 0
    outer loop
      vertex 19.777539648636427 5.216666666666667 1.75
      vertex 19.777539648636427 5.216666666666667 6.75
      vertex 19.777539648636427 5.348918348432473 1.75
    endloop
  endfacet
  facet normal -0.3090169943749464 0.951056516295154 0
    outer loop
      vertex 19.777539648636427 5.348918348432473 1.75
      vertex 19.777539648636427 5.348918348432473 6.75
      vertex 20.029097296105153 5.430654382833076 1.75
    endloop
  endfacet
  facet normal 0.8090169943749432 0.5877852522924788 -9.18648299754091e-19
    outer loop
      vertex 20.029097296105153 5.430654382833076 1.75
      vertex 20.184568472370792 5.216666666666667 6.75
      vertex 20.184568472370792 5.216666666666667 1.75
    endloop
  endfacet
  facet normal -1 0 0
    outer loop
      vertex 19.777539648636427 5.348918348432473 1.75
      vertex 19.777539648636427 5.216666666666667 6.75
      vertex 19.777539648636427 5.348918348432473 6.75
    endloop
  endfacet
  facet normal -0.3090169943749464 0.951056516295154 0
    outer loop
      vertex 20.029097296105153 5.430654382833076 1.75
      vertex 19.777539648636427 5.348918348432473 6.75
      vertex 20.029097296105153 5.430654382833076 6.75
    endloop
  endfacet
  facet normal 0.8090169943749432 0.5877852522924788 0
    outer loop
      vertex 20.029097296105153 5.430654382833076 1.75
      vertex 20.029097296105153 5.430654382833076 6.75
      vertex 20.184568472370792 5.216666666666667 6.75
    endloop
  endfacet
  facet normal 0 0 1
    outer loop
      vertex 19.777539648636427 5.216666666666667 6.75
      vertex 20.184568472370792 5.216666666666667 6.75
      vertex 19.777539648636427 5.348918348432473 6.75
    endloop
  endfacet
  facet normal 0 0 1
    outer loop
      vertex 19.777539648636427 5.348918348432473 6.75
      vertex 20.184568472370792 5.216666666666667 6.75
      vertex 20.029097296105153 5.430654382833076 6.75
    endloop
  endfacet
  facet normal 0 0 -1
    outer loop
      vertex 90.91457531494652 22.15 9.75
      vertex 91.16613296241523 22.36398771616641 9.75
      vertex 91.32160413868087 22.15 9.75
    endloop
  endfacet
  facet normal -1 0 0
    outer loop
      vertex 90.91457531494652 22.15 9.75
      vertex 90.91457531494652 22.15 14.75
      vertex 90.91457531494652 22.282251681765807 9.75
    endloop
  endfacet
  facet normal 0.809016994374952 0.5877852522924668 0
    outer loop
      vertex 91.32160413868087 22.15 9.75
      vertex 91.16613296241523 22.36398771616641 9.75
      vertex 91.32160413868087 22.15 14.75
    endloop
  endfacet
  facet normal 0 0 -1
    outer loop
      vertex 90.91457531494652 22.15 9.75
      vertex 90.91457531494652 22.282251681765807 9.75
      vertex 91.16613296241523 22.36398771616641 9.75
    endloop
  endfacet
  facet normal -0.3090169943749583 0.9510565162951501 0
    outer loop
      vertex 90.91457531494652 22.282251681765807 9.75
      vertex 90.91457531494652 22.282251681765807 14.75
      vertex 91.16613296241523 22.36398771616641 9.75
    endloop
  endfacet
  facet normal 0 0 1
    outer loop
      vertex 90.91457531494652 22.15 14.75
      vertex 91.32160413868087 22.15 14.75
      vertex 90.91457531494652 22.282251681765807 14.75
    endloop
  endfacet
  facet normal -1 0 0
    outer loop
      vertex 90.91457531494652 22.282251681765807 9.75
      vertex 90.91457531494652 22.15 14.75
      vertex 90.91457531494652 22.282251681765807 14.75
    endloop
  endfacet
  facet normal -0.3090169943749583 0.9510565162951501 0
    outer loop
      vertex 91.16613296241523 22.36398771616641 9.75
      vertex 90.91457531494652 22.282251681765807 14.75
      vertex 91.16613296241523 22.36398771616641 14.75
    endloop
  endfacet
  facet normal 0.809016994374952 0.5877852522924668 0
    outer loop
      vertex 91.16613296241523 22.36398771616641 9.75
      vertex 91.16613296241523 22.36398771616641 14.75
      vertex 91.32160413868087 22.15 14.75
    endloop
  endfacet
  facet normal 0 0 1
    outer loop
      vertex 91.32160413868087 22.15 14.75
      vertex 91.16613296241523 22.36398771616641 14.75
      vertex 90.91457531494652 22.282251681765807 14.75
    endloop
  endfacet
  facet normal 0 0 -1
    outer loop
      vertex 79.05840270389484 22.15 9.75
      vertex 79.30996035136356 22.36398771616641 9.75
      vertex 79.46543152762919 22.15 9.75
    endloop
  endfacet
  facet normal -1 0 0
    outer loop
      vertex 79.05840270389484 22.15 9.75
      vertex 79.05840270389484 22.15 14.75
      vertex 79.05840270389484 22.282251681765807 9.75
    endloop
  endfacet
  facet normal 0.809016994374952 0.5877852522924668 0
    outer loop
      vertex 79.46543152762919 22.15 9.75
      vertex 79.30996035136356 22.36398771616641 9.75
      vertex 79.46543152762919 22.15 14.75
    endloop
  endfacet
  facet normal 0 0 -1
    outer loop
      vertex 79.05840270389484 22.15 9.75
      vertex 79.05840270389484 22.282251681765807 9.75
      vertex 79.30996035136356 22.36398771616641 9.75
    endloop
  endfacet
  facet normal -0.3090169943749583 0.9510565162951501 0
    outer loop
      vertex 79.05840270389484 22.282251681765807 9.75
      vertex 79.05840270389484 22.282251681765807 14.75
      vertex 79.30996035136356 22.36398771616641 9.75
    endloop
  endfacet
  facet normal 0 0 1
    outer loop
      vertex 79.05840270389484 22.15 14.75
      vertex 79.46543152762919 22.15 14.75
      vertex 79.05840270389484 22.282251681765807 14.75
    endloop
  endfacet
  facet normal -1 0 0
    outer loop
      vertex 79.05840270389484 22.282251681765807 9.75
      vertex 79.05840270389484 22.15 14.75
      vertex 79.05840270389484 22.282251681765807 14.75
    endloop
  endfacet
  facet normal -0.3090169943749583 0.9510565162951501 0
    outer loop
      vertex 79.30996035136356 22.36398771616641 9.75
      vertex 79.05840270389484 22.282251681765807 14.75
      vertex 79.30996035136356 22.36398771616641 14.75
    endloop
  endfacet
  facet normal 0.809016994374952 0.5877852522924668 0
    outer loop
      vertex 79.30996035136356 22.36398771616641 9.75
      vertex 79.30996035136356 22.36398771616641 14.75
      vertex 79.46543152762919 22.15 14.75
    endloop
  endfacet
  facet normal 0 0 1
    outer loop
      vertex 79.46543152762919 22.15 14.75
      vertex 79.30996035136356 22.36398771616641 14.75
      vertex 79.05840270389484 22.282251681765807 14.75
    endloop
  endfacet
  facet normal 0 0 -1
    outer loop
      vertex 67.20223009284315 22.15 9.75
      vertex 67.45378774031187 22.36398771616641 9.75
      vertex 67.6092589165775 22.15 9.75
    endloop
  endfacet
  facet normal -1 0 0
    outer loop
      vertex 67.20223009284315 22.15 9.75
      vertex 67.20223009284315 22.15 14.75
      vertex 67.20223009284315 22.282251681765807 9.75
    endloop
  endfacet
  facet normal 0.809016994374952 0.5877852522924668 0
    outer loop
      vertex 67.6092589165775 22.15 9.75
      vertex 67.45378774031187 22.36398771616641 9.75
      vertex 67.6092589165775 22.15 14.75
    endloop
  endfacet
  facet normal 0 0 -1
    outer loop
      vertex 67.20223009284315 22.15 9.75
      vertex 67.20223009284315 22.282251681765807 9.75
      vertex 67.45378774031187 22.36398771616641 9.75
    endloop
  endfacet
  facet normal -0.3090169943749583 0.9510565162951501 0
    outer loop
      vertex 67.20223009284315 22.282251681765807 9.75
      vertex 67.20223009284315 22.282251681765807 14.75
      vertex 67.45378774031187 22.36398771616641 9.75
    endloop
  endfacet
  facet normal 0 0 1
    outer loop
      vertex 67.20223009284315 22.15 14.75
      vertex 67.6092589165775 22.15 14.75
      vertex 67.20223009284315 22.282251681765807 14.75
    endloop
  endfacet
  facet normal -1 0 0
    outer loop
      vertex 67.20223009284315 22.282251681765807 9.75
      vertex 67.20223009284315 22.15 14.75
      vertex 67.20223009284315 22.282251681765807 14.75
    endloop
  endfacet
  facet normal 0.809016994374952 0.5877852522924668 0
    outer loop
      vertex 67.45378774031187 22.36398771616641 9.75
      vertex 67.45378774031187 22.36398771616641 14.75
      vertex 67.6092589165775 22.15 14.75
    endloop
  endfacet
  facet normal -0.3090169943749583 0.9510565162951501 0
    outer loop
      vertex 67.45378774031187 22.36398771616641 9.75
      vertex 67.20223009284315 22.282251681765807 14.75
      vertex 67.45378774031187 22.36398771616641 14.75
    endloop
  endfacet
  facet normal 0 0 1
    outer loop
      vertex 67.6092589165775 22.15 14.75
      vertex 67.45378774031187 22.36398771616641 14.75
      vertex 67.20223009284315 22.282251681765807 14.75
    endloop
  endfacet
  facet normal 0 0 -1
    outer loop
      vertex 55.34605748179147 22.15 9.75
      vertex 55.5976151292602 22.36398771616641 9.75
      vertex 55.753086305525834 22.15 9.75
    endloop
  endfacet
  facet normal -1 0 0
    outer loop
      vertex 55.34605748179147 22.15 9.75
      vertex 55.34605748179147 22.15 14.75
      vertex 55.34605748179147 22.282251681765807 9.75
    endloop
  endfacet
  facet normal 0.809016994374952 0.5877852522924668 0
    outer loop
      vertex 55.753086305525834 22.15 9.75
      vertex 55.5976151292602 22.36398771616641 9.75
      vertex 55.753086305525834 22.15 14.75
    endloop
  endfacet
  facet normal 0 0 -1
    outer loop
      vertex 55.34605748179147 22.15 9.75
      vertex 55.34605748179147 22.282251681765807 9.75
      vertex 55.5976151292602 22.36398771616641 9.75
    endloop
  endfacet
  facet normal -0.30901699437494246 0.9510565162951552 0
    outer loop
      vertex 55.34605748179147 22.282251681765807 9.75
      vertex 55.34605748179147 22.282251681765807 14.75
      vertex 55.5976151292602 22.36398771616641 9.75
    endloop
  endfacet
  facet normal 0 0 1
    outer loop
      vertex 55.34605748179147 22.15 14.75
      vertex 55.753086305525834 22.15 14.75
      vertex 55.34605748179147 22.282251681765807 14.75
    endloop
  endfacet
  facet normal -1 0 0
    outer loop
      vertex 55.34605748179147 22.282251681765807 9.75
      vertex 55.34605748179147 22.15 14.75
      vertex 55.34605748179147 22.282251681765807 14.75
    endloop
  endfacet
  facet normal 0.809016994374952 0.5877852522924668 0
    outer loop
      vertex 55.5976151292602 22.36398771616641 9.75
      vertex 55.5976151292602 22.36398771616641 14.75
      vertex 55.753086305525834 22.15 14.75
    endloop
  endfacet
  facet normal -0.30901699437494246 0.9510565162951552 0
    outer loop
      vertex 55.5976151292602 22.36398771616641 9.75
      vertex 55.34605748179147 22.282251681765807 14.75
      vertex 55.5976151292602 22.36398771616641 14.75
    endloop
  endfacet
  facet normal 0 0 1
    outer loop
      vertex 55.753086305525834 22.15 14.75
      vertex 55.5976151292602 22.36398771616641 14.75
      vertex 55.34605748179147 22.282251681765807 14.75
    endloop
  endfacet
  facet normal 0 0 -1
    outer loop
      vertex 43.48988487073979 22.15 9.75
      vertex 43.74144251820852 22.36398771616641 9.75
      vertex 43.89691369447416 22.15 9.75
    endloop
  endfacet
  facet normal -1 0 0
    outer loop
      vertex 43.48988487073979 22.15 9.75
      vertex 43.48988487073979 22.15 14.75
      vertex 43.48988487073979 22.282251681765807 9.75
    endloop
  endfacet
  facet normal 0.809016994374952 0.5877852522924668 0
    outer loop
      vertex 43.89691369447416 22.15 9.75
      vertex 43.74144251820852 22.36398771616641 9.75
      vertex 43.89691369447416 22.15 14.75
    endloop
  endfacet
  facet normal 0 0 -1
    outer loop
      vertex 43.48988487073979 22.15 9.75
      vertex 43.48988487073979 22.282251681765807 9.75
      vertex 43.74144251820852 22.36398771616641 9.75
    endloop
  endfacet
  facet normal -0.30901699437494246 0.9510565162951552 0
    outer loop
      vertex 43.48988487073979 22.282251681765807 9.75
      vertex 43.48988487073979 22.282251681765807 14.75
      vertex 43.74144251820852 22.36398771616641 9.75
    endloop
  endfacet
  facet normal 0 0 1
    outer loop
      vertex 43.48988487073979 22.15 14.75
      vertex 43.89691369447416 22.15 14.75
      vertex 43.48988487073979 22.282251681765807 14.75
    endloop
  endfacet
  facet normal -1 0 0
    outer loop
      vertex 43.48988487073979 22.282251681765807 9.75
      vertex 43.48988487073979 22.15 14.75
      vertex 43.48988487073979 22.282251681765807 14.75
    endloop
  endfacet
  facet normal -0.30901699437494246 0.9510565162951552 0
    outer loop
      vertex 43.74144251820852 22.36398771616641 9.75
      vertex 43.48988487073979 22.282251681765807 14.75
      vertex 43.74144251820852 22.36398771616641 14.75
    endloop
  endfacet
  facet normal 0.809016994374952 0.5877852522924668 0
    outer loop
      vertex 43.74144251820852 22.36398771616641 9.75
      vertex 43.74144251820852 22.36398771616641 14.75
      vertex 43.89691369447416 22.15 14.75
    endloop
  endfacet
  facet normal 0 0 1
    outer loop
      vertex 43.89691369447416 22.15 14.75
      vertex 43.74144251820852 22.36398771616641 14.75
      vertex 43.48988487073979 22.282251681765807 14.75
    endloop
  endfacet
  facet normal 0 0 -1
    outer loop
      vertex 31.63371225968811 22.15 9.75
      vertex 31.885269907156836 22.36398771616641 9.75
      vertex 32.040741083422475 22.15 9.75
    endloop
  endfacet
  facet normal -1 0 0
    outer loop
      vertex 31.63371225968811 22.15 9.75
      vertex 31.63371225968811 22.15 14.75
      vertex 31.63371225968811 22.282251681765807 9.75
    endloop
  endfacet
  facet normal 0.8090169943749456 0.5877852522924757 0
    outer loop
      vertex 32.040741083422475 22.15 9.75
      vertex 31.885269907156836 22.36398771616641 9.75
      vertex 32.040741083422475 22.15 14.75
    endloop
  endfacet
  facet normal 0 0 -1
    outer loop
      vertex 31.63371225968811 22.15 9.75
      vertex 31.63371225968811 22.282251681765807 9.75
      vertex 31.885269907156836 22.36398771616641 9.75
    endloop
  endfacet
  facet normal -0.3090169943749464 0.951056516295154 0
    outer loop
      vertex 31.63371225968811 22.282251681765807 9.75
      vertex 31.63371225968811 22.282251681765807 14.75
      vertex 31.885269907156836 22.36398771616641 9.75
    endloop
  endfacet
  facet normal 0 0 1
    outer loop
      vertex 31.63371225968811 22.15 14.75
      vertex 32.040741083422475 22.15 14.75
      vertex 31.63371225968811 22.282251681765807 14.75
    endloop
  endfacet
  facet normal -1 0 0
    outer loop
      vertex 31.63371225968811 22.282251681765807 9.75
      vertex 31.63371225968811 22.15 14.75
      vertex 31.63371225968811 22.282251681765807 14.75
    endloop
  endfacet
  facet normal -0.3090169943749464 0.951056516295154 0
    outer loop
      vertex 31.885269907156836 22.36398771616641 9.75
      vertex 31.63371225968811 22.282251681765807 14.75
      vertex 31.885269907156836 22.36398771616641 14.75
    endloop
  endfacet
  facet normal 0.8090169943749456 0.5877852522924757 0
    outer loop
      vertex 31.885269907156836 22.36398771616641 9.75
      vertex 31.885269907156836 22.36398771616641 14.75
      vertex 32.040741083422475 22.15 14.75
    endloop
  endfacet
  facet normal 0 0 1
    outer loop
      vertex 32.040741083422475 22.15 14.75
      vertex 31.885269907156836 22.36398771616641 14.75
      vertex 31.63371225968811 22.282251681765807 14.75
    endloop
  endfacet
  facet normal 0 0 -1
    outer loop
      vertex 7.92136703758475 22.15 9.75
      vertex 8.172924685053475 22.36398771616641 9.75
      vertex 8.328395861319112 22.15 9.75
    endloop
  endfacet
  facet normal -1 0 0
    outer loop
      vertex 7.92136703758475 22.15 9.75
      vertex 7.92136703758475 22.15 14.75
      vertex 7.92136703758475 22.282251681765807 9.75
    endloop
  endfacet
  facet normal 0.8090169943749489 0.5877852522924712 0
    outer loop
      vertex 8.328395861319112 22.15 9.75
      vertex 8.172924685053475 22.36398771616641 9.75
      vertex 8.328395861319112 22.15 14.75
    endloop
  endfacet
  facet normal 0 0 -1
    outer loop
      vertex 7.92136703758475 22.15 9.75
      vertex 7.92136703758475 22.282251681765807 9.75
      vertex 8.172924685053475 22.36398771616641 9.75
    endloop
  endfacet
  facet normal -0.3090169943749464 0.951056516295154 0
    outer loop
      vertex 7.92136703758475 22.282251681765807 9.75
      vertex 7.92136703758475 22.282251681765807 14.75
      vertex 8.172924685053475 22.36398771616641 9.75
    endloop
  endfacet
  facet normal 0 0 1
    outer loop
      vertex 7.92136703758475 22.15 14.75
      vertex 8.328395861319112 22.15 14.75
      vertex 7.92136703758475 22.282251681765807 14.75
    endloop
  endfacet
  facet normal -1 0 0
    outer loop
      vertex 7.92136703758475 22.282251681765807 9.75
      vertex 7.92136703758475 22.15 14.75
      vertex 7.92136703758475 22.282251681765807 14.75
    endloop
  endfacet
  facet normal -0.3090169943749464 0.951056516295154 0
    outer loop
      vertex 8.172924685053475 22.36398771616641 9.75
      vertex 7.92136703758475 22.282251681765807 14.75
      vertex 8.172924685053475 22.36398771616641 14.75
    endloop
  endfacet
  facet normal 0.8090169943749489 0.5877852522924712 0
    outer loop
      vertex 8.172924685053475 22.36398771616641 9.75
      vertex 8.172924685053475 22.36398771616641 14.75
      vertex 8.328395861319112 22.15 14.75
    endloop
  endfacet
  facet normal 0 0 1
    outer loop
      vertex 8.328395861319112 22.15 14.75
      vertex 8.172924685053475 22.36398771616641 14.75
      vertex 7.92136703758475 22.282251681765807 14.75
    endloop
  endfacet
  facet normal 0 0 -1
    outer loop
      vertex 19.777539648636427 22.15 9.75
      vertex 20.029097296105153 22.36398771616641 9.75
      vertex 20.184568472370792 22.15 9.75
    endloop
  endfacet
  facet normal -1 0 0
    outer loop
      vertex 19.777539648636427 22.15 9.75
      vertex 19.777539648636427 22.15 14.75
      vertex 19.777539648636427 22.282251681765807 9.75
    endloop
  endfacet
  facet normal 0.8090169943749456 0.5877852522924757 0
    outer loop
      vertex 20.184568472370792 22.15 9.75
      vertex 20.029097296105153 22.36398771616641 9.75
      vertex 20.184568472370792 22.15 14.75
    endloop
  endfacet
  facet normal 0 0 -1
    outer loop
      vertex 19.777539648636427 22.15 9.75
      vertex 19.777539648636427 22.282251681765807 9.75
      vertex 20.029097296105153 22.36398771616641 9.75
    endloop
  endfacet
  facet normal -0.3090169943749464 0.951056516295154 0
    outer loop
      vertex 19.777539648636427 22.282251681765807 9.75
      vertex 19.777539648636427 22.282251681765807 14.75
      vertex 20.029097296105153 22.36398771616641 9.75
    endloop
  endfacet
  facet normal 0 0 1
    outer loop
      vertex 19.777539648636427 22.15 14.75
      vertex 20.184568472370792 22.15 14.75
      vertex 19.777539648636427 22.282251681765807 14.75
    endloop
  endfacet
  facet normal -1 0 0
    outer loop
      vertex 19.777539648636427 22.282251681765807 9.75
      vertex 19.777539648636427 22.15 14.75
      vertex 19.777539648636427 22.282251681765807 14.75
    endloop
  endfacet
  facet normal 0.8090169943749456 0.5877852522924757 0
    outer loop
      vertex 20.029097296105153 22.36398771616641 9.75
      vertex 20.029097296105153 22.36398771616641 14.75
      vertex 20.184568472370792 22.15 14.75
    endloop
  endfacet
  facet normal -0.3090169943749464 0.951056516295154 0
    outer loop
      vertex 20.029097296105153 22.36398771616641 9.75
      vertex 19.777539648636427 22.282251681765807 14.75
      vertex 20.029097296105153 22.36398771616641 14.75
    endloop
  endfacet
  facet normal 0 0 1
    outer loop
      vertex 20.184568472370792 22.15 14.75
      vertex 20.029097296105153 22.36398771616641 14.75
      vertex 19.777539648636427 22.282251681765807 14.75
    endloop
  endfacet
  facet normal 0 0 -1
    outer loop
      vertex 90.91457531494652 45.45108165156753 17.75
      vertex 90.91457531494652 45.583333333333336 17.75
      vertex 91.32160413868087 45.583333333333336 17.75
    endloop
  endfacet
  facet normal 0 0 -1
    outer loop
      vertex 90.91457531494652 45.45108165156753 17.75
      vertex 91.32160413868087 45.583333333333336 17.75
      vertex 91.16613296241523 45.36934561716693 17.75
    endloop
  endfacet
  facet normal -1 0 0
    outer loop
      vertex 90.91457531494652 45.45108165156753 17.75
      vertex 90.91457531494652 45.45108165156753 22.75
      vertex 90.91457531494652 45.583333333333336 17.75
    endloop
  endfacet
  facet normal -0.3090169943749461 -0.9510565162951541 1.2886809433356229e-18
    outer loop
      vertex 90.91457531494652 45.45108165156753 17.75
      vertex 91.16613296241523 45.36934561716693 17.75
      vertex 91.16613296241523 45.36934561716693 22.75
    endloop
  endfacet
  facet normal 0.8090169943749472 -0.5877852522924731 0
    outer loop
      vertex 91.16613296241523 45.36934561716693 17.75
      vertex 91.32160413868087 45.583333333333336 17.75
      vertex 91.16613296241523 45.36934561716693 22.75
    endloop
  endfacet
  facet normal -1 0 0
    outer loop
      vertex 90.91457531494652 45.583333333333336 17.75
      vertex 90.91457531494652 45.45108165156753 22.75
      vertex 90.91457531494652 45.583333333333336 22.75
    endloop
  endfacet
  facet normal -0.3090169943749461 -0.9510565162951541 0
    outer loop
      vertex 90.91457531494652 45.45108165156753 17.75
      vertex 91.16613296241523 45.36934561716693 22.75
      vertex 90.91457531494652 45.45108165156753 22.75
    endloop
  endfacet
  facet normal 0.8090169943749472 -0.5877852522924731 0
    outer loop
      vertex 91.32160413868087 45.583333333333336 17.75
      vertex 91.32160413868087 45.583333333333336 22.75
      vertex 91.16613296241523 45.36934561716693 22.75
    endloop
  endfacet
  facet normal 0 0 1
    outer loop
      vertex 90.91457531494652 45.45108165156753 22.75
      vertex 91.16613296241523 45.36934561716693 22.75
      vertex 90.91457531494652 45.583333333333336 22.75
    endloop
  endfacet
  facet normal 0 0 1
    outer loop
      vertex 90.91457531494652 45.583333333333336 22.75
      vertex 91.16613296241523 45.36934561716693 22.75
      vertex 91.32160413868087 45.583333333333336 22.75
    endloop
  endfacet
  facet normal 0 0 -1
    outer loop
      vertex 79.30996035136356 45.36934561716693 17.75
      vertex 79.05840270389484 45.45108165156753 17.75
      vertex 79.46543152762919 45.583333333333336 17.75
    endloop
  endfacet
  facet normal 0 0 -1
    outer loop
      vertex 79.05840270389484 45.45108165156753 17.75
      vertex 79.05840270389484 45.583333333333336 17.75
      vertex 79.46543152762919 45.583333333333336 17.75
    endloop
  endfacet
  facet normal -0.3090169943749461 -0.9510565162951541 0
    outer loop
      vertex 79.30996035136356 45.36934561716693 17.75
      vertex 79.30996035136356 45.36934561716693 22.75
      vertex 79.05840270389484 45.45108165156753 17.75
    endloop
  endfacet
  facet normal -1 0 0
    outer loop
      vertex 79.05840270389484 45.45108165156753 17.75
      vertex 79.05840270389484 45.45108165156753 22.75
      vertex 79.05840270389484 45.583333333333336 17.75
    endloop
  endfacet
  facet normal 0.8090169943749472 -0.5877852522924731 0
    outer loop
      vertex 79.30996035136356 45.36934561716693 17.75
      vertex 79.46543152762919 45.583333333333336 17.75
      vertex 79.30996035136356 45.36934561716693 22.75
    endloop
  endfacet
  facet normal -0.3090169943749461 -0.9510565162951541 0
    outer loop
      vertex 79.05840270389484 45.45108165156753 17.75
      vertex 79.30996035136356 45.36934561716693 22.75
      vertex 79.05840270389484 45.45108165156753 22.75
    endloop
  endfacet
  facet normal -1 0 0
    outer loop
      vertex 79.05840270389484 45.583333333333336 17.75
      vertex 79.05840270389484 45.45108165156753 22.75
      vertex 79.05840270389484 45.583333333333336 22.75
    endloop
  endfacet
  facet normal 0.8090169943749472 -0.5877852522924731 0
    outer loop
      vertex 79.46543152762919 45.583333333333336 17.75
      vertex 79.46543152762919 45.583333333333336 22.75
      vertex 79.30996035136356 45.36934561716693 22.75
    endloop
  endfacet
  facet normal 0 0 1
    outer loop
      vertex 79.30996035136356 45.36934561716693 22.75
      vertex 79.05840270389484 45.583333333333336 22.75
      vertex 79.05840270389484 45.45108165156753 22.75
    endloop
  endfacet
  facet normal 0 0 1
    outer loop
      vertex 79.30996035136356 45.36934561716693 22.75
      vertex 79.46543152762919 45.583333333333336 22.75
      vertex 79.05840270389484 45.583333333333336 22.75
    endloop
  endfacet
  facet normal 0 0 -1
    outer loop
      vertex 67.20223009284315 45.45108165156753 17.75
      vertex 67.20223009284315 45.583333333333336 17.75
      vertex 67.6092589165775 45.583333333333336 17.75
    endloop
  endfacet
  facet normal 0 0 -1
    outer loop
      vertex 67.20223009284315 45.45108165156753 17.75
      vertex 67.6092589165775 45.583333333333336 17.75
      vertex 67.45378774031187 45.36934561716693 17.75
    endloop
  endfacet
  facet normal -0.3090169943749461 -0.9510565162951541 1.2886809433356229e-18
    outer loop
      vertex 67.20223009284315 45.45108165156753 17.75
      vertex 67.45378774031187 45.36934561716693 17.75
      vertex 67.45378774031187 45.36934561716693 22.75
    endloop
  endfacet
  facet normal 0.8090169943749472 -0.5877852522924731 0
    outer loop
      vertex 67.45378774031187 45.36934561716693 17.75
      vertex 67.6092589165775 45.583333333333336 17.75
      vertex 67.45378774031187 45.36934561716693 22.75
    endloop
  endfacet
  facet normal -1 0 0
    outer loop
      vertex 67.20223009284315 45.45108165156753 17.75
      vertex 67.20223009284315 45.45108165156753 22.75
      vertex 67.20223009284315 45.583333333333336 17.75
    endloop
  endfacet
  facet normal -0.3090169943749461 -0.9510565162951541 0
    outer loop
      vertex 67.20223009284315 45.45108165156753 17.75
      vertex 67.45378774031187 45.36934561716693 22.75
      vertex 67.20223009284315 45.45108165156753 22.75
    endloop
  endfacet
  facet normal -1 0 0
    outer loop
      vertex 67.20223009284315 45.583333333333336 17.75
      vertex 67.20223009284315 45.45108165156753 22.75
      vertex 67.20223009284315 45.583333333333336 22.75
    endloop
  endfacet
  facet normal 0.8090169943749472 -0.5877852522924731 0
    outer loop
      vertex 67.6092589165775 45.583333333333336 17.75
      vertex 67.6092589165775 45.583333333333336 22.75
      vertex 67.45378774031187 45.36934561716693 22.75
    endloop
  endfacet
  facet normal 0 0 1
    outer loop
      vertex 67.20223009284315 45.45108165156753 22.75
      vertex 67.45378774031187 45.36934561716693 22.75
      vertex 67.20223009284315 45.583333333333336 22.75
    endloop
  endfacet
  facet normal 0 0 1
    outer loop
      vertex 67.20223009284315 45.583333333333336 22.75
      vertex 67.45378774031187 45.36934561716693 22.75
      vertex 67.6092589165775 45.583333333333336 22.75
    endloop
  endfacet
  facet normal 0 0 -1
    outer loop
      vertex 55.34605748179147 45.45108165156753 17.75
      vertex 55.34605748179147 45.583333333333336 17.75
      vertex 55.753086305525834 45.583333333333336 17.75
    endloop
  endfacet
  facet normal 0 0 -1
    outer loop
      vertex 55.34605748179147 45.45108165156753 17.75
      vertex 55.753086305525834 45.583333333333336 17.75
      vertex 55.5976151292602 45.36934561716693 17.75
    endloop
  endfacet
  facet normal -1 0 0
    outer loop
      vertex 55.34605748179147 45.45108165156753 17.75
      vertex 55.34605748179147 45.45108165156753 22.75
      vertex 55.34605748179147 45.583333333333336 17.75
    endloop
  endfacet
  facet normal -0.30901699437493035 -0.9510565162951592 -7.858695459487602e-19
    outer loop
      vertex 55.34605748179147 45.45108165156753 17.75
      vertex 55.5976151292602 45.36934561716693 17.75
      vertex 55.5976151292602 45.36934561716693 22.75
    endloop
  endfacet
  facet normal 0.8090169943749472 -0.5877852522924731 0
    outer loop
      vertex 55.5976151292602 45.36934561716693 17.75
      vertex 55.753086305525834 45.583333333333336 17.75
      vertex 55.5976151292602 45.36934561716693 22.75
    endloop
  endfacet
  facet normal -0.30901699437493035 -0.9510565162951592 0
    outer loop
      vertex 55.34605748179147 45.45108165156753 17.75
      vertex 55.5976151292602 45.36934561716693 22.75
      vertex 55.34605748179147 45.45108165156753 22.75
    endloop
  endfacet
  facet normal -1 0 0
    outer loop
      vertex 55.34605748179147 45.583333333333336 17.75
      vertex 55.34605748179147 45.45108165156753 22.75
      vertex 55.34605748179147 45.583333333333336 22.75
    endloop
  endfacet
  facet normal 0.8090169943749472 -0.5877852522924731 0
    outer loop
      vertex 55.753086305525834 45.583333333333336 17.75
      vertex 55.753086305525834 45.583333333333336 22.75
      vertex 55.5976151292602 45.36934561716693 22.75
    endloop
  endfacet
  facet normal 0 0 1
    outer loop
      vertex 55.34605748179147 45.45108165156753 22.75
      vertex 55.5976151292602 45.36934561716693 22.75
      vertex 55.34605748179147 45.583333333333336 22.75
    endloop
  endfacet
  facet normal 0 0 1
    outer loop
      vertex 55.34605748179147 45.583333333333336 22.75
      vertex 55.5976151292602 45.36934561716693 22.75
      vertex 55.753086305525834 45.583333333333336 22.75
    endloop
  endfacet
  facet normal 0 0 -1
    outer loop
      vertex 43.48988487073979 45.45108165156753 17.75
      vertex 43.48988487073979 45.583333333333336 17.75
      vertex 43.89691369447416 45.583333333333336 17.75
    endloop
  endfacet
  facet normal 0 0 -1
    outer loop
      vertex 43.74144251820852 45.36934561716693 17.75
      vertex 43.48988487073979 45.45108165156753 17.75
      vertex 43.89691369447416 45.583333333333336 17.75
    endloop
  endfacet
  facet normal -0.30901699437493035 -0.9510565162951592 0
    outer loop
      vertex 43.74144251820852 45.36934561716693 17.75
      vertex 43.74144251820852 45.36934561716693 22.75
      vertex 43.48988487073979 45.45108165156753 17.75
    endloop
  endfacet
  facet normal -1 0 0
    outer loop
      vertex 43.48988487073979 45.45108165156753 17.75
      vertex 43.48988487073979 45.45108165156753 22.75
      vertex 43.48988487073979 45.583333333333336 17.75
    endloop
  endfacet
  facet normal 0.8090169943749472 -0.5877852522924731 0
    outer loop
      vertex 43.74144251820852 45.36934561716693 17.75
      vertex 43.89691369447416 45.583333333333336 17.75
      vertex 43.74144251820852 45.36934561716693 22.75
    endloop
  endfacet
  facet normal -0.30901699437493035 -0.9510565162951592 0
    outer loop
      vertex 43.48988487073979 45.45108165156753 17.75
      vertex 43.74144251820852 45.36934561716693 22.75
      vertex 43.48988487073979 45.45108165156753 22.75
    endloop
  endfacet
  facet normal -1 0 0
    outer loop
      vertex 43.48988487073979 45.583333333333336 17.75
      vertex 43.48988487073979 45.45108165156753 22.75
      vertex 43.48988487073979 45.583333333333336 22.75
    endloop
  endfacet
  facet normal 0.8090169943749472 -0.5877852522924731 0
    outer loop
      vertex 43.89691369447416 45.583333333333336 17.75
      vertex 43.89691369447416 45.583333333333336 22.75
      vertex 43.74144251820852 45.36934561716693 22.75
    endloop
  endfacet
  facet normal 0 0 1
    outer loop
      vertex 43.74144251820852 45.36934561716693 22.75
      vertex 43.48988487073979 45.583333333333336 22.75
      vertex 43.48988487073979 45.45108165156753 22.75
    endloop
  endfacet
  facet normal 0 0 1
    outer loop
      vertex 43.74144251820852 45.36934561716693 22.75
      vertex 43.89691369447416 45.583333333333336 22.75
      vertex 43.48988487073979 45.583333333333336 22.75
    endloop
  endfacet
  facet normal 0 0 -1
    outer loop
      vertex 31.63371225968811 45.45108165156753 17.75
      vertex 31.63371225968811 45.583333333333336 17.75
      vertex 32.040741083422475 45.583333333333336 17.75
    endloop
  endfacet
  facet normal 0 0 -1
    outer loop
      vertex 31.63371225968811 45.45108165156753 17.75
      vertex 32.040741083422475 45.583333333333336 17.75
      vertex 31.885269907156836 45.36934561716693 17.75
    endloop
  endfacet
  facet normal -0.30901699437493424 -0.9510565162951578 1.0444515671340414e-18
    outer loop
      vertex 31.63371225968811 45.45108165156753 17.75
      vertex 31.885269907156836 45.36934561716693 17.75
      vertex 31.885269907156836 45.36934561716693 22.75
    endloop
  endfacet
  facet normal 0.809016994374941 -0.587785252292482 0
    outer loop
      vertex 31.885269907156836 45.36934561716693 17.75
      vertex 32.040741083422475 45.583333333333336 17.75
      vertex 31.885269907156836 45.36934561716693 22.75
    endloop
  endfacet
  facet normal -1 0 0
    outer loop
      vertex 31.63371225968811 45.45108165156753 17.75
      vertex 31.63371225968811 45.45108165156753 22.75
      vertex 31.63371225968811 45.583333333333336 17.75
    endloop
  endfacet
  facet normal -0.30901699437493424 -0.9510565162951578 0
    outer loop
      vertex 31.63371225968811 45.45108165156753 17.75
      vertex 31.885269907156836 45.36934561716693 22.75
      vertex 31.63371225968811 45.45108165156753 22.75
    endloop
  endfacet
  facet normal -1 0 0
    outer loop
      vertex 31.63371225968811 45.583333333333336 17.75
      vertex 31.63371225968811 45.45108165156753 22.75
      vertex 31.63371225968811 45.583333333333336 22.75
    endloop
  endfacet
  facet normal 0.809016994374941 -0.587785252292482 0
    outer loop
      vertex 32.040741083422475 45.583333333333336 17.75
      vertex 32.040741083422475 45.583333333333336 22.75
      vertex 31.885269907156836 45.36934561716693 22.75
    endloop
  endfacet
  facet normal 0 0 1
    outer loop
      vertex 31.63371225968811 45.45108165156753 22.75
      vertex 31.885269907156836 45.36934561716693 22.75
      vertex 31.63371225968811 45.583333333333336 22.75
    endloop
  endfacet
  facet normal 0 0 1
    outer loop
      vertex 31.63371225968811 45.583333333333336 22.75
      vertex 31.885269907156836 45.36934561716693 22.75
      vertex 32.040741083422475 45.583333333333336 22.75
    endloop
  endfacet
  facet normal 0 0 -1
    outer loop
      vertex 7.92136703758475 45.45108165156753 17.75
      vertex 7.92136703758475 45.583333333333336 17.75
      vertex 8.328395861319112 45.583333333333336 17.75
    endloop
  endfacet
  facet normal 0 0 -1
    outer loop
      vertex 7.92136703758475 45.45108165156753 17.75
      vertex 8.328395861319112 45.583333333333336 17.75
      vertex 8.172924685053475 45.36934561716693 17.75
    endloop
  endfacet
  facet normal -0.30901699437493424 -0.9510565162951578 1.0444515671340414e-18
    outer loop
      vertex 7.92136703758475 45.45108165156753 17.75
      vertex 8.172924685053475 45.36934561716693 17.75
      vertex 8.172924685053475 45.36934561716693 22.75
    endloop
  endfacet
  facet normal -1 0 0
    outer loop
      vertex 7.92136703758475 45.45108165156753 17.75
      vertex 7.92136703758475 45.45108165156753 22.75
      vertex 7.92136703758475 45.583333333333336 17.75
    endloop
  endfacet
  facet normal 0.8090169943749441 -0.5877852522924776 0
    outer loop
      vertex 8.172924685053475 45.36934561716693 17.75
      vertex 8.328395861319112 45.583333333333336 17.75
      vertex 8.172924685053475 45.36934561716693 22.75
    endloop
  endfacet
  facet normal -0.30901699437493424 -0.9510565162951578 0
    outer loop
      vertex 7.92136703758475 45.45108165156753 17.75
      vertex 8.172924685053475 45.36934561716693 22.75
      vertex 7.92136703758475 45.45108165156753 22.75
    endloop
  endfacet
  facet normal -1 0 0
    outer loop
      vertex 7.92136703758475 45.583333333333336 17.75
      vertex 7.92136703758475 45.45108165156753 22.75
      vertex 7.92136703758475 45.583333333333336 22.75
    endloop
  endfacet
  facet normal 0.8090169943749441 -0.5877852522924776 0
    outer loop
      vertex 8.328395861319112 45.583333333333336 17.75
      vertex 8.328395861319112 45.583333333333336 22.75
      vertex 8.172924685053475 45.36934561716693 22.75
    endloop
  endfacet
  facet normal 0 0 1
    outer loop
      vertex 7.92136703758475 45.45108165156753 22.75
      vertex 8.172924685053475 45.36934561716693 22.75
      vertex 7.92136703758475 45.583333333333336 22.75
    endloop
  endfacet
  facet normal 0 0 1
    outer loop
      vertex 7.92136703758475 45.583333333333336 22.75
      vertex 8.172924685053475 45.36934561716693 22.75
      vertex 8.328395861319112 45.583333333333336 22.75
    endloop
  endfacet
  facet normal 0 0 -1
    outer loop
      vertex 19.777539648636427 45.45108165156753 17.75
      vertex 19.777539648636427 45.583333333333336 17.75
      vertex 20.184568472370792 45.583333333333336 17.75
    endloop
  endfacet
  facet normal 0 0 -1
    outer loop
      vertex 20.029097296105153 45.36934561716693 17.75
      vertex 19.777539648636427 45.45108165156753 17.75
      vertex 20.184568472370792 45.583333333333336 17.75
    endloop
  endfacet
  facet normal -1 0 0
    outer loop
      vertex 19.777539648636427 45.45108165156753 17.75
      vertex 19.777539648636427 45.45108165156753 22.75
      vertex 19.777539648636427 45.583333333333336 17.75
    endloop
  endfacet
  facet normal -0.30901699437493424 -0.9510565162951578 0
    outer loop
      vertex 20.029097296105153 45.36934561716693 17.75
      vertex 20.029097296105153 45.36934561716693 22.75
      vertex 19.777539648636427 45.45108165156753 17.75
    endloop
  endfacet
  facet normal 0.809016994374941 -0.587785252292482 0
    outer loop
      vertex 20.029097296105153 45.36934561716693 17.75
      vertex 20.184568472370792 45.583333333333336 17.75
      vertex 20.029097296105153 45.36934561716693 22.75
    endloop
  endfacet
  facet normal -0.30901699437493424 -0.9510565162951578 0
    outer loop
      vertex 19.777539648636427 45.45108165156753 17.75
      vertex 20.029097296105153 45.36934561716693 22.75
      vertex 19.777539648636427 45.45108165156753 22.75
    endloop
  endfacet
  facet normal -1 0 0
    outer loop
      vertex 19.777539648636427 45.583333333333336 17.75
      vertex 19.777539648636427 45.45108165156753 22.75
      vertex 19.777539648636427 45.583333333333336 22.75
    endloop
  endfacet
  facet normal 0.809016994374941 -0.587785252292482 0
    outer loop
      vertex 20.184568472370792 45.583333333333336 17.75
      vertex 20.184568472370792 45.583333333333336 22.75
      vertex 20.029097296105153 45.36934561716693 22.75
    endloop
  endfacet
  facet normal 0 0 1
    outer loop
      vertex 20.029097296105153 45.36934561716693 22.75
      vertex 19.777539648636427 45.583333333333336 22.75
      vertex 19.777539648636427 45.45108165156753 22.75
    endloop
  endfacet
  facet normal 0 0 1
    outer loop
      vertex 20.029097296105153 45.36934561716693 22.75
      vertex 20.184568472370792 45.583333333333336 22.75
      vertex 19.777539648636427 45.583333333333336 22.75
    endloop
  endfacet
  facet normal 0 0 -1
    outer loop
      vertex 91.16613296241523 11.502678950500258 1.75
      vertex 90.91457531494652 11.58441498490086 1.75
      vertex 91.32160413868087 11.716666666666667 1.75
    endloop
  endfacet
  facet normal 0 0 -1
    outer loop
      vertex 90.91457531494652 11.58441498490086 1.75
      vertex 90.91457531494652 11.716666666666667 1.75
      vertex 91.32160413868087 11.716666666666667 1.75
    endloop
  endfacet
  facet normal -1 0 0
    outer loop
      vertex 90.91457531494652 11.58441498490086 1.75
      vertex 90.91457531494652 11.58441498490086 6.75
      vertex 90.91457531494652 11.716666666666667 1.75
    endloop
  endfacet
  facet normal -0.3090169943749583 -0.9510565162951501 0
    outer loop
      vertex 91.16613296241523 11.502678950500258 1.75
      vertex 91.16613296241523 11.502678950500258 6.75
      vertex 90.91457531494652 11.58441498490086 1.75
    endloop
  endfacet
  facet normal 0.8090169943749497 -0.58778525229247 0
    outer loop
      vertex 91.16613296241523 11.502678950500258 1.75
      vertex 91.32160413868087 11.716666666666667 1.75
      vertex 91.16613296241523 11.502678950500258 6.75
    endloop
  endfacet
  facet normal -1 0 0
    outer loop
      vertex 90.91457531494652 11.716666666666667 1.75
      vertex 90.91457531494652 11.58441498490086 6.75
      vertex 90.91457531494652 11.716666666666667 6.75
    endloop
  endfacet
  facet normal -0.3090169943749583 -0.9510565162951501 0
    outer loop
      vertex 90.91457531494652 11.58441498490086 1.75
      vertex 91.16613296241523 11.502678950500258 6.75
      vertex 90.91457531494652 11.58441498490086 6.75
    endloop
  endfacet
  facet normal 0.8090169943749497 -0.58778525229247 0
    outer loop
      vertex 91.32160413868087 11.716666666666667 1.75
      vertex 91.32160413868087 11.716666666666667 6.75
      vertex 91.16613296241523 11.502678950500258 6.75
    endloop
  endfacet
  facet normal 0 0 1
    outer loop
      vertex 91.16613296241523 11.502678950500258 6.75
      vertex 90.91457531494652 11.716666666666667 6.75
      vertex 90.91457531494652 11.58441498490086 6.75
    endloop
  endfacet
  facet normal 0 0 1
    outer loop
      vertex 91.16613296241523 11.502678950500258 6.75
      vertex 91.32160413868087 11.716666666666667 6.75
      vertex 90.91457531494652 11.716666666666667 6.75
    endloop
  endfacet
  facet normal 0 0 -1
    outer loop
      vertex 79.30996035136356 11.502678950500258 1.75
      vertex 79.05840270389484 11.58441498490086 1.75
      vertex 79.46543152762919 11.716666666666667 1.75
    endloop
  endfacet
  facet normal 0 0 -1
    outer loop
      vertex 79.05840270389484 11.58441498490086 1.75
      vertex 79.05840270389484 11.716666666666667 1.75
      vertex 79.46543152762919 11.716666666666667 1.75
    endloop
  endfacet
  facet normal -1 0 0
    outer loop
      vertex 79.05840270389484 11.58441498490086 1.75
      vertex 79.05840270389484 11.58441498490086 6.75
      vertex 79.05840270389484 11.716666666666667 1.75
    endloop
  endfacet
  facet normal -0.3090169943749583 -0.9510565162951501 0
    outer loop
      vertex 79.30996035136356 11.502678950500258 1.75
      vertex 79.30996035136356 11.502678950500258 6.75
      vertex 79.05840270389484 11.58441498490086 1.75
    endloop
  endfacet
  facet normal 0.8090169943749497 -0.58778525229247 0
    outer loop
      vertex 79.30996035136356 11.502678950500258 1.75
      vertex 79.46543152762919 11.716666666666667 1.75
      vertex 79.30996035136356 11.502678950500258 6.75
    endloop
  endfacet
  facet normal -1 0 0
    outer loop
      vertex 79.05840270389484 11.716666666666667 1.75
      vertex 79.05840270389484 11.58441498490086 6.75
      vertex 79.05840270389484 11.716666666666667 6.75
    endloop
  endfacet
  facet normal -0.3090169943749583 -0.9510565162951501 0
    outer loop
      vertex 79.05840270389484 11.58441498490086 1.75
      vertex 79.30996035136356 11.502678950500258 6.75
      vertex 79.05840270389484 11.58441498490086 6.75
    endloop
  endfacet
  facet normal 0.8090169943749497 -0.58778525229247 0
    outer loop
      vertex 79.46543152762919 11.716666666666667 1.75
      vertex 79.46543152762919 11.716666666666667 6.75
      vertex 79.30996035136356 11.502678950500258 6.75
    endloop
  endfacet
  facet normal 0 0 1
    outer loop
      vertex 79.30996035136356 11.502678950500258 6.75
      vertex 79.05840270389484 11.716666666666667 6.75
      vertex 79.05840270389484 11.58441498490086 6.75
    endloop
  endfacet
  facet normal 0 0 1
    outer loop
      vertex 79.30996035136356 11.502678950500258 6.75
      vertex 79.46543152762919 11.716666666666667 6.75
      vertex 79.05840270389484 11.716666666666667 6.75
    endloop
  endfacet
  facet normal 0 0 -1
    outer loop
      vertex 67.20223009284315 11.58441498490086 1.75
      vertex 67.20223009284315 11.716666666666667 1.75
      vertex 67.6092589165775 11.716666666666667 1.75
    endloop
  endfacet
  facet normal 0 0 -1
    outer loop
      vertex 67.20223009284315 11.58441498490086 1.75
      vertex 67.6092589165775 11.716666666666667 1.75
      vertex 67.45378774031187 11.502678950500258 1.75
    endloop
  endfacet
  facet normal -1 0 0
    outer loop
      vertex 67.20223009284315 11.58441498490086 1.75
      vertex 67.20223009284315 11.58441498490086 6.75
      vertex 67.20223009284315 11.716666666666667 1.75
    endloop
  endfacet
  facet normal -0.3090169943749583 -0.9510565162951501 -2.723037559405471e-19
    outer loop
      vertex 67.20223009284315 11.58441498490086 1.75
      vertex 67.45378774031187 11.502678950500258 1.75
      vertex 67.45378774031187 11.502678950500258 6.75
    endloop
  endfacet
  facet normal 0.8090169943749497 -0.58778525229247 0
    outer loop
      vertex 67.45378774031187 11.502678950500258 1.75
      vertex 67.6092589165775 11.716666666666667 1.75
      vertex 67.45378774031187 11.502678950500258 6.75
    endloop
  endfacet
  facet normal -0.3090169943749583 -0.9510565162951501 0
    outer loop
      vertex 67.20223009284315 11.58441498490086 1.75
      vertex 67.45378774031187 11.502678950500258 6.75
      vertex 67.20223009284315 11.58441498490086 6.75
    endloop
  endfacet
  facet normal -1 0 0
    outer loop
      vertex 67.20223009284315 11.716666666666667 1.75
      vertex 67.20223009284315 11.58441498490086 6.75
      vertex 67.20223009284315 11.716666666666667 6.75
    endloop
  endfacet
  facet normal 0.8090169943749497 -0.58778525229247 0
    outer loop
      vertex 67.6092589165775 11.716666666666667 1.75
      vertex 67.6092589165775 11.716666666666667 6.75
      vertex 67.45378774031187 11.502678950500258 6.75
    endloop
  endfacet
  facet normal 0 0 1
    outer loop
      vertex 67.20223009284315 11.58441498490086 6.75
      vertex 67.45378774031187 11.502678950500258 6.75
      vertex 67.20223009284315 11.716666666666667 6.75
    endloop
  endfacet
  facet normal 0 0 1
    outer loop
      vertex 67.20223009284315 11.716666666666667 6.75
      vertex 67.45378774031187 11.502678950500258 6.75
      vertex 67.6092589165775 11.716666666666667 6.75
    endloop
  endfacet
  facet normal 0 0 -1
    outer loop
      vertex 55.5976151292602 11.502678950500258 1.75
      vertex 55.34605748179147 11.58441498490086 1.75
      vertex 55.753086305525834 11.716666666666667 1.75
    endloop
  endfacet
  facet normal 0 0 -1
    outer loop
      vertex 55.34605748179147 11.58441498490086 1.75
      vertex 55.34605748179147 11.716666666666667 1.75
      vertex 55.753086305525834 11.716666666666667 1.75
    endloop
  endfacet
  facet normal -1 0 0
    outer loop
      vertex 55.34605748179147 11.58441498490086 1.75
      vertex 55.34605748179147 11.58441498490086 6.75
      vertex 55.34605748179147 11.716666666666667 1.75
    endloop
  endfacet
  facet normal -0.30901699437494246 -0.9510565162951552 0
    outer loop
      vertex 55.5976151292602 11.502678950500258 1.75
      vertex 55.5976151292602 11.502678950500258 6.75
      vertex 55.34605748179147 11.58441498490086 1.75
    endloop
  endfacet
  facet normal 0.8090169943749497 -0.58778525229247 0
    outer loop
      vertex 55.5976151292602 11.502678950500258 1.75
      vertex 55.753086305525834 11.716666666666667 1.75
      vertex 55.5976151292602 11.502678950500258 6.75
    endloop
  endfacet
  facet normal -0.30901699437494246 -0.9510565162951552 0
    outer loop
      vertex 55.34605748179147 11.58441498490086 1.75
      vertex 55.5976151292602 11.502678950500258 6.75
      vertex 55.34605748179147 11.58441498490086 6.75
    endloop
  endfacet
  facet normal -1 0 0
    outer loop
      vertex 55.34605748179147 11.716666666666667 1.75
      vertex 55.34605748179147 11.58441498490086 6.75
      vertex 55.34605748179147 11.716666666666667 6.75
    endloop
  endfacet
  facet normal 0.8090169943749497 -0.58778525229247 0
    outer loop
      vertex 55.753086305525834 11.716666666666667 1.75
      vertex 55.753086305525834 11.716666666666667 6.75
      vertex 55.5976151292602 11.502678950500258 6.75
    endloop
  endfacet
  facet normal 0 0 1
    outer loop
      vertex 55.5976151292602 11.502678950500258 6.75
      vertex 55.34605748179147 11.716666666666667 6.75
      vertex 55.34605748179147 11.58441498490086 6.75
    endloop
  endfacet
  facet normal 0 0 1
    outer loop
      vertex 55.5976151292602 11.502678950500258 6.75
      vertex 55.753086305525834 11.716666666666667 6.75
      vertex 55.34605748179147 11.716666666666667 6.75
    endloop
  endfacet
  facet normal 0 0 -1
    outer loop
      vertex 43.74144251820852 11.502678950500258 1.75
      vertex 43.48988487073979 11.58441498490086 1.75
      vertex 43.89691369447416 11.716666666666667 1.75
    endloop
  endfacet
  facet normal 0 0 -1
    outer loop
      vertex 43.48988487073979 11.58441498490086 1.75
      vertex 43.48988487073979 11.716666666666667 1.75
      vertex 43.89691369447416 11.716666666666667 1.75
    endloop
  endfacet
  facet normal -1 0 0
    outer loop
      vertex 43.48988487073979 11.58441498490086 1.75
      vertex 43.48988487073979 11.58441498490086 6.75
      vertex 43.48988487073979 11.716666666666667 1.75
    endloop
  endfacet
  facet normal -0.30901699437494246 -0.9510565162951552 0
    outer loop
      vertex 43.74144251820852 11.502678950500258 1.75
      vertex 43.74144251820852 11.502678950500258 6.75
      vertex 43.48988487073979 11.58441498490086 1.75
    endloop
  endfacet
  facet normal 0.8090169943749497 -0.58778525229247 0
    outer loop
      vertex 43.74144251820852 11.502678950500258 1.75
      vertex 43.89691369447416 11.716666666666667 1.75
      vertex 43.74144251820852 11.502678950500258 6.75
    endloop
  endfacet
  facet normal -1 0 0
    outer loop
      vertex 43.48988487073979 11.716666666666667 1.75
      vertex 43.48988487073979 11.58441498490086 6.75
      vertex 43.48988487073979 11.716666666666667 6.75
    endloop
  endfacet
  facet normal -0.30901699437494246 -0.9510565162951552 0
    outer loop
      vertex 43.48988487073979 11.58441498490086 1.75
      vertex 43.74144251820852 11.502678950500258 6.75
      vertex 43.48988487073979 11.58441498490086 6.75
    endloop
  endfacet
  facet normal 0.8090169943749497 -0.58778525229247 0
    outer loop
      vertex 43.89691369447416 11.716666666666667 1.75
      vertex 43.89691369447416 11.716666666666667 6.75
      vertex 43.74144251820852 11.502678950500258 6.75
    endloop
  endfacet
  facet normal 0 0 1
    outer loop
      vertex 43.74144251820852 11.502678950500258 6.75
      vertex 43.48988487073979 11.716666666666667 6.75
      vertex 43.48988487073979 11.58441498490086 6.75
    endloop
  endfacet
  facet normal 0 0 1
    outer loop
      vertex 43.74144251820852 11.502678950500258 6.75
      vertex 43.89691369447416 11.716666666666667 6.75
      vertex 43.48988487073979 11.716666666666667 6.75
    endloop
  endfacet
  facet normal 0 0 -1
    outer loop
      vertex 31.63371225968811 11.58441498490086 1.75
      vertex 31.63371225968811 11.716666666666667 1.75
      vertex 32.040741083422475 11.716666666666667 1.75
    endloop
  endfacet
  facet normal 0 0 -1
    outer loop
      vertex 31.63371225968811 11.58441498490086 1.75
      vertex 32.040741083422475 11.716666666666667 1.75
      vertex 31.885269907156836 11.502678950500258 1.75
    endloop
  endfacet
  facet normal -0.3090169943749464 -0.951056516295154 -5.165331321706988e-19
    outer loop
      vertex 31.63371225968811 11.58441498490086 1.75
      vertex 31.885269907156836 11.502678950500258 1.75
      vertex 31.885269907156836 11.502678950500258 6.75
    endloop
  endfacet
  facet normal -1 0 0
    outer loop
      vertex 31.63371225968811 11.58441498490086 1.75
      vertex 31.63371225968811 11.58441498490086 6.75
      vertex 31.63371225968811 11.716666666666667 1.75
    endloop
  endfacet
  facet normal 0.8090169943749432 -0.5877852522924788 0
    outer loop
      vertex 31.885269907156836 11.502678950500258 1.75
      vertex 32.040741083422475 11.716666666666667 1.75
      vertex 31.885269907156836 11.502678950500258 6.75
    endloop
  endfacet
  facet normal -0.3090169943749464 -0.951056516295154 0
    outer loop
      vertex 31.63371225968811 11.58441498490086 1.75
      vertex 31.885269907156836 11.502678950500258 6.75
      vertex 31.63371225968811 11.58441498490086 6.75
    endloop
  endfacet
  facet normal -1 0 0
    outer loop
      vertex 31.63371225968811 11.716666666666667 1.75
      vertex 31.63371225968811 11.58441498490086 6.75
      vertex 31.63371225968811 11.716666666666667 6.75
    endloop
  endfacet
  facet normal 0.8090169943749432 -0.5877852522924788 0
    outer loop
      vertex 32.040741083422475 11.716666666666667 1.75
      vertex 32.040741083422475 11.716666666666667 6.75
      vertex 31.885269907156836 11.502678950500258 6.75
    endloop
  endfacet
  facet normal 0 0 1
    outer loop
      vertex 31.63371225968811 11.58441498490086 6.75
      vertex 31.885269907156836 11.502678950500258 6.75
      vertex 31.63371225968811 11.716666666666667 6.75
    endloop
  endfacet
  facet normal 0 0 1
    outer loop
      vertex 31.63371225968811 11.716666666666667 6.75
      vertex 31.885269907156836 11.502678950500258 6.75
      vertex 32.040741083422475 11.716666666666667 6.75
    endloop
  endfacet
  facet normal 0 0 -1
    outer loop
      vertex 8.172924685053475 11.502678950500258 1.75
      vertex 7.92136703758475 11.58441498490086 1.75
      vertex 8.328395861319112 11.716666666666667 1.75
    endloop
  endfacet
  facet normal 0 0 -1
    outer loop
      vertex 7.92136703758475 11.58441498490086 1.75
      vertex 7.92136703758475 11.716666666666667 1.75
      vertex 8.328395861319112 11.716666666666667 1.75
    endloop
  endfacet
  facet normal -1 0 0
    outer loop
      vertex 7.92136703758475 11.58441498490086 1.75
      vertex 7.92136703758475 11.58441498490086 6.75
      vertex 7.92136703758475 11.716666666666667 1.75
    endloop
  endfacet
  facet normal -0.3090169943749464 -0.951056516295154 0
    outer loop
      vertex 8.172924685053475 11.502678950500258 1.75
      vertex 8.172924685053475 11.502678950500258 6.75
      vertex 7.92136703758475 11.58441498490086 1.75
    endloop
  endfacet
  facet normal 0.8090169943749463 -0.5877852522924744 0
    outer loop
      vertex 8.172924685053475 11.502678950500258 1.75
      vertex 8.328395861319112 11.716666666666667 1.75
      vertex 8.172924685053475 11.502678950500258 6.75
    endloop
  endfacet
  facet normal -1 0 0
    outer loop
      vertex 7.92136703758475 11.716666666666667 1.75
      vertex 7.92136703758475 11.58441498490086 6.75
      vertex 7.92136703758475 11.716666666666667 6.75
    endloop
  endfacet
  facet normal -0.3090169943749464 -0.951056516295154 0
    outer loop
      vertex 7.92136703758475 11.58441498490086 1.75
      vertex 8.172924685053475 11.502678950500258 6.75
      vertex 7.92136703758475 11.58441498490086 6.75
    endloop
  endfacet
  facet normal 0.8090169943749463 -0.5877852522924744 0
    outer loop
      vertex 8.328395861319112 11.716666666666667 1.75
      vertex 8.328395861319112 11.716666666666667 6.75
      vertex 8.172924685053475 11.502678950500258 6.75
    endloop
  endfacet
  facet normal 0 0 1
    outer loop
      vertex 8.172924685053475 11.502678950500258 6.75
      vertex 7.92136703758475 11.716666666666667 6.75
      vertex 7.92136703758475 11.58441498490086 6.75
    endloop
  endfacet
  facet normal 0 0 1
    outer loop
      vertex 8.172924685053475 11.502678950500258 6.75
      vertex 8.328395861319112 11.716666666666667 6.75
      vertex 7.92136703758475 11.716666666666667 6.75
    endloop
  endfacet
  facet normal 0 0 -1
    outer loop
      vertex 19.777539648636427 11.58441498490086 1.75
      vertex 19.777539648636427 11.716666666666667 1.75
      vertex 20.184568472370792 11.716666666666667 1.75
    endloop
  endfacet
  facet normal 0 0 -1
    outer loop
      vertex 20.029097296105153 11.502678950500258 1.75
      vertex 19.777539648636427 11.58441498490086 1.75
      vertex 20.184568472370792 11.716666666666667 1.75
    endloop
  endfacet
  facet normal -1 0 0
    outer loop
      vertex 19.777539648636427 11.58441498490086 1.75
      vertex 19.777539648636427 11.58441498490086 6.75
      vertex 19.777539648636427 11.716666666666667 1.75
    endloop
  endfacet
  facet normal -0.3090169943749464 -0.951056516295154 0
    outer loop
      vertex 20.029097296105153 11.502678950500258 1.75
      vertex 20.029097296105153 11.502678950500258 6.75
      vertex 19.777539648636427 11.58441498490086 1.75
    endloop
  endfacet
  facet normal 0.8090169943749432 -0.5877852522924788 0
    outer loop
      vertex 20.029097296105153 11.502678950500258 1.75
      vertex 20.184568472370792 11.716666666666667 1.75
      vertex 20.029097296105153 11.502678950500258 6.75
    endloop
  endfacet
  facet normal -0.3090169943749464 -0.951056516295154 0
    outer loop
      vertex 19.777539648636427 11.58441498490086 1.75
      vertex 20.029097296105153 11.502678950500258 6.75
      vertex 19.777539648636427 11.58441498490086 6.75
    endloop
  endfacet
  facet normal -1 0 0
    outer loop
      vertex 19.777539648636427 11.716666666666667 1.75
      vertex 19.777539648636427 11.58441498490086 6.75
      vertex 19.777539648636427 11.716666666666667 6.75
    endloop
  endfacet
  facet normal 0.8090169943749432 -0.5877852522924788 0
    outer loop
      vertex 20.184568472370792 11.716666666666667 1.75
      vertex 20.184568472370792 11.716666666666667 6.75
      vertex 20.029097296105153 11.502678950500258 6.75
    endloop
  endfacet
  facet normal 0 0 1
    outer loop
      vertex 20.029097296105153 11.502678950500258 6.75
      vertex 19.777539648636427 11.716666666666667 6.75
      vertex 19.777539648636427 11.58441498490086 6.75
    endloop
  endfacet
  facet normal 0 0 1
    outer loop
      vertex 20.029097296105153 11.502678950500258 6.75
      vertex 20.184568472370792 11.716666666666667 6.75
      vertex 19.777539648636427 11.716666666666667 6.75
    endloop
  endfacet
  facet normal 0 0 -1
    outer loop
      vertex 90.91457531494652 28.517748318234194 9.75
      vertex 91.32160413868087 28.65 9.75
      vertex 91.16613296241523 28.43601228383359 9.75
    endloop
  endfacet
  facet normal -1 0 0
    outer loop
      vertex 90.91457531494652 28.517748318234194 9.75
      vertex 90.91457531494652 28.517748318234194 14.75
      vertex 90.91457531494652 28.65 9.75
    endloop
  endfacet
  facet normal -0.3090169943749583 -0.9510565162951501 -2.723037559405471e-19
    outer loop
      vertex 90.91457531494652 28.517748318234194 9.75
      vertex 91.16613296241523 28.43601228383359 9.75
      vertex 91.16613296241523 28.43601228383359 14.75
    endloop
  endfacet
  facet normal 0.8090169943749472 -0.5877852522924731 0
    outer loop
      vertex 91.16613296241523 28.43601228383359 9.75
      vertex 91.32160413868087 28.65 9.75
      vertex 91.16613296241523 28.43601228383359 14.75
    endloop
  endfacet
  facet normal 0 0 -1
    outer loop
      vertex 90.91457531494652 28.517748318234194 9.75
      vertex 90.91457531494652 28.65 9.75
      vertex 91.32160413868087 28.65 9.75
    endloop
  endfacet
  facet normal -0.3090169943749583 -0.9510565162951501 0
    outer loop
      vertex 90.91457531494652 28.517748318234194 9.75
      vertex 91.16613296241523 28.43601228383359 14.75
      vertex 90.91457531494652 28.517748318234194 14.75
    endloop
  endfacet
  facet normal 0 0 1
    outer loop
      vertex 90.91457531494652 28.517748318234194 14.75
      vertex 91.16613296241523 28.43601228383359 14.75
      vertex 90.91457531494652 28.65 14.75
    endloop
  endfacet
  facet normal -1 0 0
    outer loop
      vertex 90.91457531494652 28.65 9.75
      vertex 90.91457531494652 28.517748318234194 14.75
      vertex 90.91457531494652 28.65 14.75
    endloop
  endfacet
  facet normal 0.8090169943749472 -0.5877852522924731 0
    outer loop
      vertex 91.32160413868087 28.65 9.75
      vertex 91.32160413868087 28.65 14.75
      vertex 91.16613296241523 28.43601228383359 14.75
    endloop
  endfacet
  facet normal 0 0 1
    outer loop
      vertex 91.16613296241523 28.43601228383359 14.75
      vertex 91.32160413868087 28.65 14.75
      vertex 90.91457531494652 28.65 14.75
    endloop
  endfacet
  facet normal 0 0 -1
    outer loop
      vertex 79.05840270389484 28.517748318234194 9.75
      vertex 79.46543152762919 28.65 9.75
      vertex 79.30996035136356 28.43601228383359 9.75
    endloop
  endfacet
  facet normal -1 0 0
    outer loop
      vertex 79.05840270389484 28.517748318234194 9.75
      vertex 79.05840270389484 28.517748318234194 14.75
      vertex 79.05840270389484 28.65 9.75
    endloop
  endfacet
  facet normal -0.3090169943749583 -0.9510565162951501 -2.723037559405471e-19
    outer loop
      vertex 79.05840270389484 28.517748318234194 9.75
      vertex 79.30996035136356 28.43601228383359 9.75
      vertex 79.30996035136356 28.43601228383359 14.75
    endloop
  endfacet
  facet normal 0.8090169943749472 -0.5877852522924731 0
    outer loop
      vertex 79.30996035136356 28.43601228383359 9.75
      vertex 79.46543152762919 28.65 9.75
      vertex 79.30996035136356 28.43601228383359 14.75
    endloop
  endfacet
  facet normal 0 0 -1
    outer loop
      vertex 79.05840270389484 28.517748318234194 9.75
      vertex 79.05840270389484 28.65 9.75
      vertex 79.46543152762919 28.65 9.75
    endloop
  endfacet
  facet normal -0.3090169943749583 -0.9510565162951501 0
    outer loop
      vertex 79.05840270389484 28.517748318234194 9.75
      vertex 79.30996035136356 28.43601228383359 14.75
      vertex 79.05840270389484 28.517748318234194 14.75
    endloop
  endfacet
  facet normal 0 0 1
    outer loop
      vertex 79.05840270389484 28.517748318234194 14.75
      vertex 79.30996035136356 28.43601228383359 14.75
      vertex 79.05840270389484 28.65 14.75
    endloop
  endfacet
  facet normal -1 0 0
    outer loop
      vertex 79.05840270389484 28.65 9.75
      vertex 79.05840270389484 28.517748318234194 14.75
      vertex 79.05840270389484 28.65 14.75
    endloop
  endfacet
  facet normal 0.8090169943749472 -0.5877852522924731 0
    outer loop
      vertex 79.46543152762919 28.65 9.75
      vertex 79.46543152762919 28.65 14.75
      vertex 79.30996035136356 28.43601228383359 14.75
    endloop
  endfacet
  facet normal 0 0 1
    outer loop
      vertex 79.30996035136356 28.43601228383359 14.75
      vertex 79.46543152762919 28.65 14.75
      vertex 79.05840270389484 28.65 14.75
    endloop
  endfacet
  facet normal 0 0 -1
    outer loop
      vertex 67.20223009284315 28.517748318234194 9.75
      vertex 67.6092589165775 28.65 9.75
      vertex 67.45378774031187 28.43601228383359 9.75
    endloop
  endfacet
  facet normal -1 0 0
    outer loop
      vertex 67.20223009284315 28.517748318234194 9.75
      vertex 67.20223009284315 28.517748318234194 14.75
      vertex 67.20223009284315 28.65 9.75
    endloop
  endfacet
  facet normal -0.3090169943749583 -0.9510565162951501 -2.723037559405471e-19
    outer loop
      vertex 67.20223009284315 28.517748318234194 9.75
      vertex 67.45378774031187 28.43601228383359 9.75
      vertex 67.45378774031187 28.43601228383359 14.75
    endloop
  endfacet
  facet normal 0.8090169943749472 -0.5877852522924731 0
    outer loop
      vertex 67.45378774031187 28.43601228383359 9.75
      vertex 67.6092589165775 28.65 9.75
      vertex 67.45378774031187 28.43601228383359 14.75
    endloop
  endfacet
  facet normal 0 0 -1
    outer loop
      vertex 67.20223009284315 28.517748318234194 9.75
      vertex 67.20223009284315 28.65 9.75
      vertex 67.6092589165775 28.65 9.75
    endloop
  endfacet
  facet normal -0.3090169943749583 -0.9510565162951501 0
    outer loop
      vertex 67.20223009284315 28.517748318234194 9.75
      vertex 67.45378774031187 28.43601228383359 14.75
      vertex 67.20223009284315 28.517748318234194 14.75
    endloop
  endfacet
  facet normal 0 0 1
    outer loop
      vertex 67.20223009284315 28.517748318234194 14.75
      vertex 67.45378774031187 28.43601228383359 14.75
      vertex 67.20223009284315 28.65 14.75
    endloop
  endfacet
  facet normal -1 0 0
    outer loop
      vertex 67.20223009284315 28.65 9.75
      vertex 67.20223009284315 28.517748318234194 14.75
      vertex 67.20223009284315 28.65 14.75
    endloop
  endfacet
  facet normal 0.8090169943749472 -0.5877852522924731 0
    outer loop
      vertex 67.6092589165775 28.65 9.75
      vertex 67.6092589165775 28.65 14.75
      vertex 67.45378774031187 28.43601228383359 14.75
    endloop
  endfacet
  facet normal 0 0 1
    outer loop
      vertex 67.45378774031187 28.43601228383359 14.75
      vertex 67.6092589165775 28.65 14.75
      vertex 67.20223009284315 28.65 14.75
    endloop
  endfacet
  facet normal 0 0 -1
    outer loop
      vertex 55.34605748179147 28.517748318234194 9.75
      vertex 55.753086305525834 28.65 9.75
      vertex 55.5976151292602 28.43601228383359 9.75
    endloop
  endfacet
  facet normal -1 0 0
    outer loop
      vertex 55.34605748179147 28.517748318234194 9.75
      vertex 55.34605748179147 28.517748318234194 14.75
      vertex 55.34605748179147 28.65 9.75
    endloop
  endfacet
  facet normal -0.30901699437494246 -0.9510565162951552 2.7651273626039047e-19
    outer loop
      vertex 55.34605748179147 28.517748318234194 9.75
      vertex 55.5976151292602 28.43601228383359 9.75
      vertex 55.5976151292602 28.43601228383359 14.75
    endloop
  endfacet
  facet normal 0.8090169943749472 -0.5877852522924731 0
    outer loop
      vertex 55.5976151292602 28.43601228383359 9.75
      vertex 55.753086305525834 28.65 9.75
      vertex 55.5976151292602 28.43601228383359 14.75
    endloop
  endfacet
  facet normal 0 0 -1
    outer loop
      vertex 55.34605748179147 28.517748318234194 9.75
      vertex 55.34605748179147 28.65 9.75
      vertex 55.753086305525834 28.65 9.75
    endloop
  endfacet
  facet normal -0.30901699437494246 -0.9510565162951552 0
    outer loop
      vertex 55.34605748179147 28.517748318234194 9.75
      vertex 55.5976151292602 28.43601228383359 14.75
      vertex 55.34605748179147 28.517748318234194 14.75
    endloop
  endfacet
  facet normal 0 0 1
    outer loop
      vertex 55.34605748179147 28.517748318234194 14.75
      vertex 55.5976151292602 28.43601228383359 14.75
      vertex 55.34605748179147 28.65 14.75
    endloop
  endfacet
  facet normal -1 0 0
    outer loop
      vertex 55.34605748179147 28.65 9.75
      vertex 55.34605748179147 28.517748318234194 14.75
      vertex 55.34605748179147 28.65 14.75
    endloop
  endfacet
  facet normal 0.8090169943749472 -0.5877852522924731 0
    outer loop
      vertex 55.753086305525834 28.65 9.75
      vertex 55.753086305525834 28.65 14.75
      vertex 55.5976151292602 28.43601228383359 14.75
    endloop
  endfacet
  facet normal 0 0 1
    outer loop
      vertex 55.5976151292602 28.43601228383359 14.75
      vertex 55.753086305525834 28.65 14.75
      vertex 55.34605748179147 28.65 14.75
    endloop
  endfacet
  facet normal 0 0 -1
    outer loop
      vertex 43.48988487073979 28.517748318234194 9.75
      vertex 43.89691369447416 28.65 9.75
      vertex 43.74144251820852 28.43601228383359 9.75
    endloop
  endfacet
  facet normal -1 0 0
    outer loop
      vertex 43.48988487073979 28.517748318234194 9.75
      vertex 43.48988487073979 28.517748318234194 14.75
      vertex 43.48988487073979 28.65 9.75
    endloop
  endfacet
  facet normal -0.30901699437494246 -0.9510565162951552 2.7651273626039047e-19
    outer loop
      vertex 43.48988487073979 28.517748318234194 9.75
      vertex 43.74144251820852 28.43601228383359 9.75
      vertex 43.74144251820852 28.43601228383359 14.75
    endloop
  endfacet
  facet normal 0.8090169943749472 -0.5877852522924731 0
    outer loop
      vertex 43.74144251820852 28.43601228383359 9.75
      vertex 43.89691369447416 28.65 9.75
      vertex 43.74144251820852 28.43601228383359 14.75
    endloop
  endfacet
  facet normal 0 0 -1
    outer loop
      vertex 43.48988487073979 28.517748318234194 9.75
      vertex 43.48988487073979 28.65 9.75
      vertex 43.89691369447416 28.65 9.75
    endloop
  endfacet
  facet normal -0.30901699437494246 -0.9510565162951552 0
    outer loop
      vertex 43.48988487073979 28.517748318234194 9.75
      vertex 43.74144251820852 28.43601228383359 14.75
      vertex 43.48988487073979 28.517748318234194 14.75
    endloop
  endfacet
  facet normal 0 0 1
    outer loop
      vertex 43.48988487073979 28.517748318234194 14.75
      vertex 43.74144251820852 28.43601228383359 14.75
      vertex 43.48988487073979 28.65 14.75
    endloop
  endfacet
  facet normal -1 0 0
    outer loop
      vertex 43.48988487073979 28.65 9.75
      vertex 43.48988487073979 28.517748318234194 14.75
      vertex 43.48988487073979 28.65 14.75
    endloop
  endfacet
  facet normal 0.8090169943749472 -0.5877852522924731 0
    outer loop
      vertex 43.89691369447416 28.65 9.75
      vertex 43.89691369447416 28.65 14.75
      vertex 43.74144251820852 28.43601228383359 14.75
    endloop
  endfacet
  facet normal 0 0 1
    outer loop
      vertex 43.74144251820852 28.43601228383359 14.75
      vertex 43.89691369447416 28.65 14.75
      vertex 43.48988487073979 28.65 14.75
    endloop
  endfacet
  facet normal 0 0 -1
    outer loop
      vertex 31.63371225968811 28.517748318234194 9.75
      vertex 32.040741083422475 28.65 9.75
      vertex 31.885269907156836 28.43601228383359 9.75
    endloop
  endfacet
  facet normal -0.3090169943749464 -0.951056516295154 -5.165331321706988e-19
    outer loop
      vertex 31.63371225968811 28.517748318234194 9.75
      vertex 31.885269907156836 28.43601228383359 9.75
      vertex 31.885269907156836 28.43601228383359 14.75
    endloop
  endfacet
  facet normal -1 0 0
    outer loop
      vertex 31.63371225968811 28.517748318234194 9.75
      vertex 31.63371225968811 28.517748318234194 14.75
      vertex 31.63371225968811 28.65 9.75
    endloop
  endfacet
  facet normal 0.809016994374941 -0.587785252292482 0
    outer loop
      vertex 31.885269907156836 28.43601228383359 9.75
      vertex 32.040741083422475 28.65 9.75
      vertex 31.885269907156836 28.43601228383359 14.75
    endloop
  endfacet
  facet normal 0 0 -1
    outer loop
      vertex 31.63371225968811 28.517748318234194 9.75
      vertex 31.63371225968811 28.65 9.75
      vertex 32.040741083422475 28.65 9.75
    endloop
  endfacet
  facet normal -0.3090169943749464 -0.951056516295154 0
    outer loop
      vertex 31.63371225968811 28.517748318234194 9.75
      vertex 31.885269907156836 28.43601228383359 14.75
      vertex 31.63371225968811 28.517748318234194 14.75
    endloop
  endfacet
  facet normal 0 0 1
    outer loop
      vertex 31.63371225968811 28.517748318234194 14.75
      vertex 31.885269907156836 28.43601228383359 14.75
      vertex 31.63371225968811 28.65 14.75
    endloop
  endfacet
  facet normal -1 0 0
    outer loop
      vertex 31.63371225968811 28.65 9.75
      vertex 31.63371225968811 28.517748318234194 14.75
      vertex 31.63371225968811 28.65 14.75
    endloop
  endfacet
  facet normal 0.809016994374941 -0.587785252292482 0
    outer loop
      vertex 32.040741083422475 28.65 9.75
      vertex 32.040741083422475 28.65 14.75
      vertex 31.885269907156836 28.43601228383359 14.75
    endloop
  endfacet
  facet normal 0 0 1
    outer loop
      vertex 31.885269907156836 28.43601228383359 14.75
      vertex 32.040741083422475 28.65 14.75
      vertex 31.63371225968811 28.65 14.75
    endloop
  endfacet
  facet normal 0 0 -1
    outer loop
      vertex 7.92136703758475 28.517748318234194 9.75
      vertex 8.328395861319112 28.65 9.75
      vertex 8.172924685053475 28.43601228383359 9.75
    endloop
  endfacet
  facet normal -1 0 0
    outer loop
      vertex 7.92136703758475 28.517748318234194 9.75
      vertex 7.92136703758475 28.517748318234194 14.75
      vertex 7.92136703758475 28.65 9.75
    endloop
  endfacet
  facet normal -0.3090169943749464 -0.951056516295154 -5.165331321706988e-19
    outer loop
      vertex 7.92136703758475 28.517748318234194 9.75
      vertex 8.172924685053475 28.43601228383359 9.75
      vertex 8.172924685053475 28.43601228383359 14.75
    endloop
  endfacet
  facet normal 0.8090169943749441 -0.5877852522924776 0
    outer loop
      vertex 8.172924685053475 28.43601228383359 9.75
      vertex 8.328395861319112 28.65 9.75
      vertex 8.172924685053475 28.43601228383359 14.75
    endloop
  endfacet
  facet normal 0 0 -1
    outer loop
      vertex 7.92136703758475 28.517748318234194 9.75
      vertex 7.92136703758475 28.65 9.75
      vertex 8.328395861319112 28.65 9.75
    endloop
  endfacet
  facet normal -0.3090169943749464 -0.951056516295154 0
    outer loop
      vertex 7.92136703758475 28.517748318234194 9.75
      vertex 8.172924685053475 28.43601228383359 14.75
      vertex 7.92136703758475 28.517748318234194 14.75
    endloop
  endfacet
  facet normal 0 0 1
    outer loop
      vertex 7.92136703758475 28.517748318234194 14.75
      vertex 8.172924685053475 28.43601228383359 14.75
      vertex 7.92136703758475 28.65 14.75
    endloop
  endfacet
  facet normal -1 0 0
    outer loop
      vertex 7.92136703758475 28.65 9.75
      vertex 7.92136703758475 28.517748318234194 14.75
      vertex 7.92136703758475 28.65 14.75
    endloop
  endfacet
  facet normal 0.8090169943749441 -0.5877852522924776 0
    outer loop
      vertex 8.328395861319112 28.65 9.75
      vertex 8.328395861319112 28.65 14.75
      vertex 8.172924685053475 28.43601228383359 14.75
    endloop
  endfacet
  facet normal 0 0 1
    outer loop
      vertex 8.172924685053475 28.43601228383359 14.75
      vertex 8.328395861319112 28.65 14.75
      vertex 7.92136703758475 28.65 14.75
    endloop
  endfacet
  facet normal 0 0 -1
    outer loop
      vertex 19.777539648636427 28.517748318234194 9.75
      vertex 20.184568472370792 28.65 9.75
      vertex 20.029097296105153 28.43601228383359 9.75
    endloop
  endfacet
  facet normal -1 0 0
    outer loop
      vertex 19.777539648636427 28.517748318234194 9.75
      vertex 19.777539648636427 28.517748318234194 14.75
      vertex 19.777539648636427 28.65 9.75
    endloop
  endfacet
  facet normal -0.3090169943749464 -0.951056516295154 -5.165331321706988e-19
    outer loop
      vertex 19.777539648636427 28.517748318234194 9.75
      vertex 20.029097296105153 28.43601228383359 9.75
      vertex 20.029097296105153 28.43601228383359 14.75
    endloop
  endfacet
  facet normal 0.809016994374941 -0.587785252292482 0
    outer loop
      vertex 20.029097296105153 28.43601228383359 9.75
      vertex 20.184568472370792 28.65 9.75
      vertex 20.029097296105153 28.43601228383359 14.75
    endloop
  endfacet
  facet normal 0 0 -1
    outer loop
      vertex 19.777539648636427 28.517748318234194 9.75
      vertex 19.777539648636427 28.65 9.75
      vertex 20.184568472370792 28.65 9.75
    endloop
  endfacet
  facet normal -0.3090169943749464 -0.951056516295154 0
    outer loop
      vertex 19.777539648636427 28.517748318234194 9.75
      vertex 20.029097296105153 28.43601228383359 14.75
      vertex 19.777539648636427 28.517748318234194 14.75
    endloop
  endfacet
  facet normal 0 0 1
    outer loop
      vertex 19.777539648636427 28.517748318234194 14.75
      vertex 20.029097296105153 28.43601228383359 14.75
      vertex 19.777539648636427 28.65 14.75
    endloop
  endfacet
  facet normal -1 0 0
    outer loop
      vertex 19.777539648636427 28.65 9.75
      vertex 19.777539648636427 28.517748318234194 14.75
      vertex 19.777539648636427 28.65 14.75
    endloop
  endfacet
  facet normal 0.809016994374941 -0.587785252292482 0
    outer loop
      vertex 20.184568472370792 28.65 9.75
      vertex 20.184568472370792 28.65 14.75
      vertex 20.029097296105153 28.43601228383359 14.75
    endloop
  endfacet
  facet normal 0 0 1
    outer loop
      vertex 20.029097296105153 28.43601228383359 14.75
      vertex 20.184568472370792 28.65 14.75
      vertex 19.777539648636427 28.65 14.75
    endloop
  endfacet
  facet normal 0 0 -1
    outer loop
      vertex 0 0 0.25
      vertex 0 7.55 0.25
      vertex 4.350619111586545 8.466666666666667 0.25
    endloop
  endfacet
  facet normal -1 0 0
    outer loop
      vertex 0 0 0.25
      vertex 0 7.55 3.9
      vertex 0 7.55 0.25
    endloop
  endfacet
  facet normal 0 0 -1
    outer loop
      vertex 0 0 0.25
      vertex 4.350619111586545 8.466666666666667 0.25
      vertex 6.227007486452829 5.216666666666667 0.25
    endloop
  endfacet
  facet normal 0 0 -1
    outer loop
      vertex 0 0 0.25
      vertex 6.227007486452829 5.216666666666667 0.25
      vertex 9.979784236185397 5.216666666666667 0.25
    endloop
  endfacet
  facet normal 0 0 -1
    outer loop
      vertex 0 0 0.25
      vertex 9.979784236185397 5.216666666666667 0.25
      vertex 18.083180097504506 5.216666666666667 0.25
    endloop
  endfacet
  facet normal -1 0 0
    outer loop
      vertex 0 0 0.25
      vertex 0 0 8.25
      vertex 0 7.55 3.9
    endloop
  endfacet
  facet normal 0 0 -1
    outer loop
      vertex 4.350619111586545 8.466666666666667 0.25
      vertex 0 7.55 0.25
      vertex 0 16.933333333333334 0.25
    endloop
  endfacet
  facet normal 0 0 -1
    outer loop
      vertex 4.350619111586545 8.466666666666667 0.25
      vertex 0 16.933333333333334 0.25
      vertex 6.227007486452829 11.716666666666667 0.25
    endloop
  endfacet
  facet normal 0 0 -1
    outer loop
      vertex 0 0 0.25
      vertex 18.083180097504506 5.216666666666667 0.25
      vertex 21.835956847237075 5.216666666666667 0.25
    endloop
  endfacet
  facet normal 0 0 -1
    outer loop
      vertex 9.979784236185397 5.216666666666667 0.25
      vertex 16.206791722638222 8.466666666666667 0.25
      vertex 18.083180097504506 5.216666666666667 0.25
    endloop
  endfacet
  facet normal 0 0 -1
    outer loop
      vertex 0 0 0.25
      vertex 21.835956847237075 5.216666666666667 0.25
      vertex 29.93935270855619 5.216666666666667 0.25
    endloop
  endfacet
  facet normal 0 0 -1
    outer loop
      vertex 0 0 0.25
      vertex 29.93935270855619 5.216666666666667 0.25
      vertex 33.692129458288754 5.216666666666667 0.25
    endloop
  endfacet
  facet normal 0 0 -1
    outer loop
      vertex 9.979784236185397 5.216666666666667 0.25
      vertex 11.85617261105168 8.466666666666667 0.25
      vertex 16.206791722638222 8.466666666666667 0.25
    endloop
  endfacet
  facet normal 0 0 -1
    outer loop
      vertex 11.85617261105168 8.466666666666667 0.25
      vertex 9.979784236185397 11.716666666666667 0.25
      vertex 16.206791722638222 8.466666666666667 0.25
    endloop
  endfacet
  facet normal 0 0 -1
    outer loop
      vertex 9.979784236185397 11.716666666666667 0.25
      vertex 18.083180097504506 11.716666666666667 0.25
      vertex 16.206791722638222 8.466666666666667 0.25
    endloop
  endfacet
  facet normal 0 0 1
    outer loop
      vertex 0 0 8.25
      vertex 6.227007486452829 5.216666666666667 8.25
      vertex 4.350619111586545 8.466666666666667 8.25
    endloop
  endfacet
  facet normal 0 0 1
    outer loop
      vertex 0 0 8.25
      vertex 9.979784236185397 5.216666666666667 8.25
      vertex 6.227007486452829 5.216666666666667 8.25
    endloop
  endfacet
  facet normal 0 0 1
    outer loop
      vertex 0 0 8.25
      vertex 18.083180097504506 5.216666666666667 8.25
      vertex 9.979784236185397 5.216666666666667 8.25
    endloop
  endfacet
  facet normal -1 0 0
    outer loop
      vertex 0 0 8.25
      vertex 0 16.933333333333334 8.25
      vertex 0 7.55 3.9
    endloop
  endfacet
  facet normal 0 0 1
    outer loop
      vertex 0 0 8.25
      vertex 4.350619111586545 8.466666666666667 8.25
      vertex 0 16.933333333333334 8.25
    endloop
  endfacet
  facet normal 0 0 1
    outer loop
      vertex 4.350619111586545 8.466666666666667 8.25
      vertex 6.227007486452829 11.716666666666667 8.25
      vertex 0 16.933333333333334 8.25
    endloop
  endfacet
  facet normal 0 0 1
    outer loop
      vertex 0 0 8.25
      vertex 21.835956847237075 5.216666666666667 8.25
      vertex 18.083180097504506 5.216666666666667 8.25
    endloop
  endfacet
  facet normal 0 0 1
    outer loop
      vertex 9.979784236185397 5.216666666666667 8.25
      vertex 18.083180097504506 5.216666666666667 8.25
      vertex 16.206791722638222 8.466666666666667 8.25
    endloop
  endfacet
  facet normal 0 0 1
    outer loop
      vertex 0 0 8.25
      vertex 29.93935270855619 5.216666666666667 8.25
      vertex 21.835956847237075 5.216666666666667 8.25
    endloop
  endfacet
  facet normal 0 0 1
    outer loop
      vertex 0 0 8.25
      vertex 33.692129458288754 5.216666666666667 8.25
      vertex 29.93935270855619 5.216666666666667 8.25
    endloop
  endfacet
  facet normal 0 0 1
    outer loop
      vertex 9.979784236185397 5.216666666666667 8.25
      vertex 16.206791722638222 8.466666666666667 8.25
      vertex 11.85617261105168 8.466666666666667 8.25
    endloop
  endfacet
  facet normal 0 0 1
    outer loop
      vertex 11.85617261105168 8.466666666666667 8.25
      vertex 18.083180097504506 11.716666666666667 8.25
      vertex 9.979784236185397 11.716666666666667 8.25
    endloop
  endfacet
  facet normal 0 0 1
    outer loop
      vertex 11.85617261105168 8.466666666666667 8.25
      vertex 16.206791722638222 8.466666666666667 8.25
      vertex 18.083180097504506 11.716666666666667 8.25
    endloop
  endfacet
  facet normal 0 0 -1
    outer loop
      vertex 6.227007486452829 11.716666666666667 0.25
      vertex 0 16.933333333333334 0.25
      vertex 9.979784236185397 11.716666666666667 0.25
    endloop
  endfacet
  facet normal 0 0 -1
    outer loop
      vertex 9.979784236185397 11.716666666666667 0.25
      vertex 0 16.933333333333334 0.25
      vertex 18.083180097504506 11.716666666666667 0.25
    endloop
  endfacet
  facet normal -1 0 0
    outer loop
      vertex 0 16.933333333333334 8.25
      vertex 0 16.933333333333334 3.9
      vertex 0 7.55 3.9
    endloop
  endfacet
  facet normal 0 0 -1
    outer loop
      vertex 18.083180097504506 11.716666666666667 0.25
      vertex 0 16.933333333333334 0.25
      vertex 21.835956847237075 11.716666666666667 0.25
    endloop
  endfacet
  facet normal 0 0 -1
    outer loop
      vertex 21.835956847237075 11.716666666666667 0.25
      vertex 0 16.933333333333334 0.25
      vertex 29.93935270855619 11.716666666666667 0.25
    endloop
  endfacet
  facet normal 0 0 -1
    outer loop
      vertex 29.93935270855619 11.716666666666667 0.25
      vertex 0 16.933333333333334 0.25
      vertex 33.692129458288754 11.716666666666667 0.25
    endloop
  endfacet
  facet normal 0 0 1
    outer loop
      vertex 6.227007486452829 11.716666666666667 8.25
      vertex 9.979784236185397 11.716666666666667 8.25
      vertex 0 16.933333333333334 8.25
    endloop
  endfacet
  facet normal 0 0 1
    outer loop
      vertex 9.979784236185397 11.716666666666667 8.25
      vertex 18.083180097504506 11.716666666666667 8.25
      vertex 0 16.933333333333334 8.25
    endloop
  endfacet
  facet normal 0 0 1
    outer loop
      vertex 18.083180097504506 11.716666666666667 8.25
      vertex 21.835956847237075 11.716666666666667 8.25
      vertex 0 16.933333333333334 8.25
    endloop
  endfacet
  facet normal 0 0 1
    outer loop
      vertex 21.835956847237075 11.716666666666667 8.25
      vertex 29.93935270855619 11.716666666666667 8.25
      vertex 0 16.933333333333334 8.25
    endloop
  endfacet
  facet normal 0 0 1
    outer loop
      vertex 0 16.933333333333334 8.25
      vertex 29.93935270855619 11.716666666666667 8.25
      vertex 33.692129458288754 11.716666666666667 8.25
    endloop
  endfacet
  facet normal 0 0 -1
    outer loop
      vertex 0 0 0.25
      vertex 33.692129458288754 5.216666666666667 0.25
      vertex 41.795525319607876 5.216666666666667 0.25
    endloop
  endfacet
  facet normal 0 0 -1
    outer loop
      vertex 21.835956847237075 5.216666666666667 0.25
      vertex 28.062964333689905 8.466666666666667 0.25
      vertex 29.93935270855619 5.216666666666667 0.25
    endloop
  endfacet
  facet normal 0 -1 0
    outer loop
      vertex 0 0 0.25
      vertex 99.19999999999999 0 8.25
      vertex 0 0 8.25
    endloop
  endfacet
  facet normal 0 0 -1
    outer loop
      vertex 21.835956847237075 5.216666666666667 0.25
      vertex 23.71234522210336 8.466666666666667 0.25
      vertex 28.062964333689905 8.466666666666667 0.25
    endloop
  endfacet
  facet normal 0 0 -1
    outer loop
      vertex 23.71234522210336 8.466666666666667 0.25
      vertex 21.835956847237075 11.716666666666667 0.25
      vertex 29.93935270855619 11.716666666666667 0.25
    endloop
  endfacet
  facet normal 0 0 -1
    outer loop
      vertex 23.71234522210336 8.466666666666667 0.25
      vertex 29.93935270855619 11.716666666666667 0.25
      vertex 28.062964333689905 8.466666666666667 0.25
    endloop
  endfacet
  facet normal 0 0 -1
    outer loop
      vertex 33.692129458288754 5.216666666666667 0.25
      vertex 35.56851783315504 8.466666666666667 0.25
      vertex 41.795525319607876 5.216666666666667 0.25
    endloop
  endfacet
  facet normal 0 0 -1
    outer loop
      vertex 0 0 0.25
      vertex 41.795525319607876 5.216666666666667 0.25
      vertex 99.19999999999999 0 0.25
    endloop
  endfacet
  facet normal 0 0 -1
    outer loop
      vertex 45.54830206934044 5.216666666666667 0.25
      vertex 47.424690444206725 8.466666666666667 0.25
      vertex 53.65169793065955 5.216666666666667 0.25
    endloop
  endfacet
  facet normal 0 0 -1
    outer loop
      vertex 35.56851783315504 8.466666666666667 0.25
      vertex 39.91913694474159 8.466666666666667 0.25
      vertex 41.795525319607876 5.216666666666667 0.25
    endloop
  endfacet
  facet normal 0 0 -1
    outer loop
      vertex 35.56851783315504 8.466666666666667 0.25
      vertex 33.692129458288754 11.716666666666667 0.25
      vertex 41.795525319607876 11.716666666666667 0.25
    endloop
  endfacet
  facet normal 0 0 -1
    outer loop
      vertex 35.56851783315504 8.466666666666667 0.25
      vertex 41.795525319607876 11.716666666666667 0.25
      vertex 39.91913694474159 8.466666666666667 0.25
    endloop
  endfacet
  facet normal 0 0 -1
    outer loop
      vertex 47.424690444206725 8.466666666666667 0.25
      vertex 45.54830206934044 11.716666666666667 0.25
      vertex 51.775309555793264 8.466666666666667 0.25
    endloop
  endfacet
  facet normal 0 0 1
    outer loop
      vertex 0 0 8.25
      vertex 41.795525319607876 5.216666666666667 8.25
      vertex 33.692129458288754 5.216666666666667 8.25
    endloop
  endfacet
  facet normal 0 0 1
    outer loop
      vertex 21.835956847237075 5.216666666666667 8.25
      vertex 29.93935270855619 5.216666666666667 8.25
      vertex 28.062964333689905 8.466666666666667 8.25
    endloop
  endfacet
  facet normal 0 0 1
    outer loop
      vertex 21.835956847237075 5.216666666666667 8.25
      vertex 28.062964333689905 8.466666666666667 8.25
      vertex 23.71234522210336 8.466666666666667 8.25
    endloop
  endfacet
  facet normal 0 0 1
    outer loop
      vertex 23.71234522210336 8.466666666666667 8.25
      vertex 29.93935270855619 11.716666666666667 8.25
      vertex 21.835956847237075 11.716666666666667 8.25
    endloop
  endfacet
  facet normal 0 0 1
    outer loop
      vertex 23.71234522210336 8.466666666666667 8.25
      vertex 28.062964333689905 8.466666666666667 8.25
      vertex 29.93935270855619 11.716666666666667 8.25
    endloop
  endfacet
  facet normal 0 0 1
    outer loop
      vertex 33.692129458288754 5.216666666666667 8.25
      vertex 41.795525319607876 5.216666666666667 8.25
      vertex 39.91913694474159 8.466666666666667 8.25
    endloop
  endfacet
  facet normal 0 0 1
    outer loop
      vertex 0 0 8.25
      vertex 99.19999999999999 0 8.25
      vertex 41.795525319607876 5.216666666666667 8.25
    endloop
  endfacet
  facet normal 0 0 1
    outer loop
      vertex 33.692129458288754 5.216666666666667 8.25
      vertex 39.91913694474159 8.466666666666667 8.25
      vertex 35.56851783315504 8.466666666666667 8.25
    endloop
  endfacet
  facet normal 0 0 1
    outer loop
      vertex 35.56851783315504 8.466666666666667 8.25
      vertex 41.795525319607876 11.716666666666667 8.25
      vertex 33.692129458288754 11.716666666666667 8.25
    endloop
  endfacet
  facet normal 0 0 1
    outer loop
      vertex 35.56851783315504 8.466666666666667 8.25
      vertex 39.91913694474159 8.466666666666667 8.25
      vertex 41.795525319607876 11.716666666666667 8.25
    endloop
  endfacet
  facet normal 0 0 1
    outer loop
      vertex 45.54830206934044 5.216666666666667 8.25
      vertex 51.775309555793264 8.466666666666667 8.25
      vertex 47.424690444206725 8.466666666666667 8.25
    endloop
  endfacet
  facet normal 0 0 1
    outer loop
      vertex 47.424690444206725 8.466666666666667 8.25
      vertex 53.65169793065955 11.716666666666667 8.25
      vertex 45.54830206934044 11.716666666666667 8.25
    endloop
  endfacet
  facet normal 0 0 -1
    outer loop
      vertex 33.692129458288754 11.716666666666667 0.25
      vertex 0 16.933333333333334 0.25
      vertex 41.795525319607876 11.716666666666667 0.25
    endloop
  endfacet
  facet normal 0 0 -1
    outer loop
      vertex 41.795525319607876 11.716666666666667 0.25
      vertex 0 16.933333333333334 0.25
      vertex 99.19999999999999 16.933333333333334 0.25
    endloop
  endfacet
  facet normal 0 0 1
    outer loop
      vertex 0 16.933333333333334 8.25
      vertex 33.692129458288754 11.716666666666667 8.25
      vertex 41.795525319607876 11.716666666666667 8.25
    endloop
  endfacet
  facet normal 0 0 1
    outer loop
      vertex 0 16.933333333333334 8.25
      vertex 41.795525319607876 11.716666666666667 8.25
      vertex 99.19999999999999 16.933333333333334 8.25
    endloop
  endfacet
  facet normal 0 0 -1
    outer loop
      vertex 41.795525319607876 5.216666666666667 0.25
      vertex 45.54830206934044 5.216666666666667 0.25
      vertex 99.19999999999999 0 0.25
    endloop
  endfacet
  facet normal 0 0 -1
    outer loop
      vertex 57.40447468039211 5.216666666666667 0.25
      vertex 63.63148216684494 8.466666666666667 0.25
      vertex 65.50787054171123 5.216666666666667 0.25
    endloop
  endfacet
  facet normal 0 0 -1
    outer loop
      vertex 47.424690444206725 8.466666666666667 0.25
      vertex 51.775309555793264 8.466666666666667 0.25
      vertex 53.65169793065955 5.216666666666667 0.25
    endloop
  endfacet
  facet normal 0 0 -1
    outer loop
      vertex 45.54830206934044 11.716666666666667 0.25
      vertex 53.65169793065955 11.716666666666667 0.25
      vertex 51.775309555793264 8.466666666666667 0.25
    endloop
  endfacet
  facet normal 0 0 -1
    outer loop
      vertex 57.40447468039211 5.216666666666667 0.25
      vertex 59.2808630552584 8.466666666666667 0.25
      vertex 63.63148216684494 8.466666666666667 0.25
    endloop
  endfacet
  facet normal 0 0 -1
    outer loop
      vertex 59.2808630552584 8.466666666666667 0.25
      vertex 57.40447468039211 11.716666666666667 0.25
      vertex 63.63148216684494 8.466666666666667 0.25
    endloop
  endfacet
  facet normal 0 0 -1
    outer loop
      vertex 57.40447468039211 11.716666666666667 0.25
      vertex 65.50787054171123 11.716666666666667 0.25
      vertex 63.63148216684494 8.466666666666667 0.25
    endloop
  endfacet
  facet normal 0 -1 0
    outer loop
      vertex 0 0 0.25
      vertex 99.19999999999999 0 0.25
      vertex 99.19999999999999 0 8.25
    endloop
  endfacet
  facet normal 0 0 -1
    outer loop
      vertex 45.54830206934044 5.216666666666667 0.25
      vertex 53.65169793065955 5.216666666666667 0.25
      vertex 99.19999999999999 0 0.25
    endloop
  endfacet
  facet normal 0 0 -1
    outer loop
      vertex 53.65169793065955 5.216666666666667 0.25
      vertex 57.40447468039211 5.216666666666667 0.25
      vertex 99.19999999999999 0 0.25
    endloop
  endfacet
  facet normal 0 0 -1
    outer loop
      vertex 57.40447468039211 5.216666666666667 0.25
      vertex 65.50787054171123 5.216666666666667 0.25
      vertex 99.19999999999999 0 0.25
    endloop
  endfacet
  facet normal 0 0 -1
    outer loop
      vertex 69.26064729144379 5.216666666666667 0.25
      vertex 75.48765477789664 8.466666666666667 0.25
      vertex 77.36404315276292 5.216666666666667 0.25
    endloop
  endfacet
  facet normal 0 0 -1
    outer loop
      vertex 69.26064729144379 5.216666666666667 0.25
      vertex 71.13703566631007 8.466666666666667 0.25
      vertex 75.48765477789664 8.466666666666667 0.25
    endloop
  endfacet
  facet normal 0 0 -1
    outer loop
      vertex 71.13703566631007 8.466666666666667 0.25
      vertex 69.26064729144379 11.716666666666667 0.25
      vertex 77.36404315276292 11.716666666666667 0.25
    endloop
  endfacet
  facet normal 0 0 -1
    outer loop
      vertex 71.13703566631007 8.466666666666667 0.25
      vertex 77.36404315276292 11.716666666666667 0.25
      vertex 75.48765477789664 8.466666666666667 0.25
    endloop
  endfacet
  facet normal 0 0 1
    outer loop
      vertex 45.54830206934044 5.216666666666667 8.25
      vertex 53.65169793065955 5.216666666666667 8.25
      vertex 51.775309555793264 8.466666666666667 8.25
    endloop
  endfacet
  facet normal 0 0 1
    outer loop
      vertex 41.795525319607876 5.216666666666667 8.25
      vertex 99.19999999999999 0 8.25
      vertex 45.54830206934044 5.216666666666667 8.25
    endloop
  endfacet
  facet normal 0 0 1
    outer loop
      vertex 57.40447468039211 5.216666666666667 8.25
      vertex 65.50787054171123 5.216666666666667 8.25
      vertex 63.63148216684494 8.466666666666667 8.25
    endloop
  endfacet
  facet normal 0 0 1
    outer loop
      vertex 47.424690444206725 8.466666666666667 8.25
      vertex 51.775309555793264 8.466666666666667 8.25
      vertex 53.65169793065955 11.716666666666667 8.25
    endloop
  endfacet
  facet normal 0 0 1
    outer loop
      vertex 57.40447468039211 5.216666666666667 8.25
      vertex 63.63148216684494 8.466666666666667 8.25
      vertex 59.2808630552584 8.466666666666667 8.25
    endloop
  endfacet
  facet normal 0 0 1
    outer loop
      vertex 59.2808630552584 8.466666666666667 8.25
      vertex 65.50787054171123 11.716666666666667 8.25
      vertex 57.40447468039211 11.716666666666667 8.25
    endloop
  endfacet
  facet normal 0 0 1
    outer loop
      vertex 59.2808630552584 8.466666666666667 8.25
      vertex 63.63148216684494 8.466666666666667 8.25
      vertex 65.50787054171123 11.716666666666667 8.25
    endloop
  endfacet
  facet normal 0 0 1
    outer loop
      vertex 45.54830206934044 5.216666666666667 8.25
      vertex 99.19999999999999 0 8.25
      vertex 53.65169793065955 5.216666666666667 8.25
    endloop
  endfacet
  facet normal 0 0 1
    outer loop
      vertex 53.65169793065955 5.216666666666667 8.25
      vertex 99.19999999999999 0 8.25
      vertex 57.40447468039211 5.216666666666667 8.25
    endloop
  endfacet
  facet normal 0 0 1
    outer loop
      vertex 57.40447468039211 5.216666666666667 8.25
      vertex 99.19999999999999 0 8.25
      vertex 65.50787054171123 5.216666666666667 8.25
    endloop
  endfacet
  facet normal 0 0 1
    outer loop
      vertex 69.26064729144379 5.216666666666667 8.25
      vertex 77.36404315276292 5.216666666666667 8.25
      vertex 75.48765477789664 8.466666666666667 8.25
    endloop
  endfacet
  facet normal 0 0 1
    outer loop
      vertex 69.26064729144379 5.216666666666667 8.25
      vertex 75.48765477789664 8.466666666666667 8.25
      vertex 71.13703566631007 8.466666666666667 8.25
    endloop
  endfacet
  facet normal 0 0 1
    outer loop
      vertex 71.13703566631007 8.466666666666667 8.25
      vertex 77.36404315276292 11.716666666666667 8.25
      vertex 69.26064729144379 11.716666666666667 8.25
    endloop
  endfacet
  facet normal 0 0 1
    outer loop
      vertex 71.13703566631007 8.466666666666667 8.25
      vertex 75.48765477789664 8.466666666666667 8.25
      vertex 77.36404315276292 11.716666666666667 8.25
    endloop
  endfacet
  facet normal 0 0 -1
    outer loop
      vertex 41.795525319607876 11.716666666666667 0.25
      vertex 99.19999999999999 16.933333333333334 0.25
      vertex 45.54830206934044 11.716666666666667 0.25
    endloop
  endfacet
  facet normal 0 0 -1
    outer loop
      vertex 45.54830206934044 11.716666666666667 0.25
      vertex 99.19999999999999 16.933333333333334 0.25
      vertex 53.65169793065955 11.716666666666667 0.25
    endloop
  endfacet
  facet normal 0 0 -1
    outer loop
      vertex 53.65169793065955 11.716666666666667 0.25
      vertex 99.19999999999999 16.933333333333334 0.25
      vertex 57.40447468039211 11.716666666666667 0.25
    endloop
  endfacet
  facet normal 0 0 -1
    outer loop
      vertex 57.40447468039211 11.716666666666667 0.25
      vertex 99.19999999999999 16.933333333333334 0.25
      vertex 65.50787054171123 11.716666666666667 0.25
    endloop
  endfacet
  facet normal 0 0 1
    outer loop
      vertex 41.795525319607876 11.716666666666667 8.25
      vertex 45.54830206934044 11.716666666666667 8.25
      vertex 99.19999999999999 16.933333333333334 8.25
    endloop
  endfacet
  facet normal 0 0 1
    outer loop
      vertex 45.54830206934044 11.716666666666667 8.25
      vertex 53.65169793065955 11.716666666666667 8.25
      vertex 99.19999999999999 16.933333333333334 8.25
    endloop
  endfacet
  facet normal 0 0 1
    outer loop
      vertex 53.65169793065955 11.716666666666667 8.25
      vertex 57.40447468039211 11.716666666666667 8.25
      vertex 99.19999999999999 16.933333333333334 8.25
    endloop
  endfacet
  facet normal 0 0 1
    outer loop
      vertex 57.40447468039211 11.716666666666667 8.25
      vertex 65.50787054171123 11.716666666666667 8.25
      vertex 99.19999999999999 16.933333333333334 8.25
    endloop
  endfacet
  facet normal 0 0 -1
    outer loop
      vertex 65.50787054171123 5.216666666666667 0.25
      vertex 69.26064729144379 5.216666666666667 0.25
      vertex 99.19999999999999 0 0.25
    endloop
  endfacet
  facet normal 0 0 -1
    outer loop
      vertex 69.26064729144379 5.216666666666667 0.25
      vertex 77.36404315276292 5.216666666666667 0.25
      vertex 99.19999999999999 0 0.25
    endloop
  endfacet
  facet normal 0 0 -1
    outer loop
      vertex 77.36404315276292 5.216666666666667 0.25
      vertex 81.11681990249548 5.216666666666667 0.25
      vertex 99.19999999999999 0 0.25
    endloop
  endfacet
  facet normal 0 0 -1
    outer loop
      vertex 81.11681990249548 5.216666666666667 0.25
      vertex 87.34382738894831 8.466666666666667 0.25
      vertex 89.2202157638146 5.216666666666667 0.25
    endloop
  endfacet
  facet normal 0 0 -1
    outer loop
      vertex 81.11681990249548 5.216666666666667 0.25
      vertex 82.99320827736176 8.466666666666667 0.25
      vertex 87.34382738894831 8.466666666666667 0.25
    endloop
  endfacet
  facet normal 0 0 -1
    outer loop
      vertex 82.99320827736176 8.466666666666667 0.25
      vertex 81.11681990249548 11.716666666666667 0.25
      vertex 89.2202157638146 11.716666666666667 0.25
    endloop
  endfacet
  facet normal 0 0 -1
    outer loop
      vertex 82.99320827736176 8.466666666666667 0.25
      vertex 89.2202157638146 11.716666666666667 0.25
      vertex 87.34382738894831 8.466666666666667 0.25
    endloop
  endfacet
  facet normal 0 0 -1
    outer loop
      vertex 81.11681990249548 5.216666666666667 0.25
      vertex 89.2202157638146 5.216666666666667 0.25
      vertex 99.19999999999999 0 0.25
    endloop
  endfacet
  facet normal 0 0 -1
    outer loop
      vertex 89.2202157638146 5.216666666666667 0.25
      vertex 92.97299251354715 5.216666666666667 0.25
      vertex 99.19999999999999 0 0.25
    endloop
  endfacet
  facet normal 0 0 -1
    outer loop
      vertex 92.97299251354715 5.216666666666667 0.25
      vertex 94.84938088841344 8.466666666666667 0.25
      vertex 99.19999999999999 0 0.25
    endloop
  endfacet
  facet normal 0 0 -1
    outer loop
      vertex 99.19999999999999 0 0.25
      vertex 94.84938088841344 8.466666666666667 0.25
      vertex 99.19999999999999 7.55 0.25
    endloop
  endfacet
  facet normal 1 0 0
    outer loop
      vertex 99.19999999999999 0 0.25
      vertex 99.19999999999999 7.55 0.25
      vertex 99.19999999999999 7.55 3.9
    endloop
  endfacet
  facet normal 1 0 0
    outer loop
      vertex 99.19999999999999 0 0.25
      vertex 99.19999999999999 7.55 3.9
      vertex 99.19999999999999 0 8.25
    endloop
  endfacet
  facet normal 0 0 -1
    outer loop
      vertex 92.97299251354715 11.716666666666667 0.25
      vertex 99.19999999999999 16.933333333333334 0.25
      vertex 94.84938088841344 8.466666666666667 0.25
    endloop
  endfacet
  facet normal 0 0 -1
    outer loop
      vertex 94.84938088841344 8.466666666666667 0.25
      vertex 99.19999999999999 16.933333333333334 0.25
      vertex 99.19999999999999 7.55 0.25
    endloop
  endfacet
  facet normal 0 0 1
    outer loop
      vertex 65.50787054171123 5.216666666666667 8.25
      vertex 99.19999999999999 0 8.25
      vertex 69.26064729144379 5.216666666666667 8.25
    endloop
  endfacet
  facet normal 0 0 1
    outer loop
      vertex 69.26064729144379 5.216666666666667 8.25
      vertex 99.19999999999999 0 8.25
      vertex 77.36404315276292 5.216666666666667 8.25
    endloop
  endfacet
  facet normal 0 0 1
    outer loop
      vertex 77.36404315276292 5.216666666666667 8.25
      vertex 99.19999999999999 0 8.25
      vertex 81.11681990249548 5.216666666666667 8.25
    endloop
  endfacet
  facet normal 0 0 1
    outer loop
      vertex 81.11681990249548 5.216666666666667 8.25
      vertex 89.2202157638146 5.216666666666667 8.25
      vertex 87.34382738894831 8.466666666666667 8.25
    endloop
  endfacet
  facet normal 0 0 1
    outer loop
      vertex 81.11681990249548 5.216666666666667 8.25
      vertex 87.34382738894831 8.466666666666667 8.25
      vertex 82.99320827736176 8.466666666666667 8.25
    endloop
  endfacet
  facet normal 0 0 1
    outer loop
      vertex 82.99320827736176 8.466666666666667 8.25
      vertex 89.2202157638146 11.716666666666667 8.25
      vertex 81.11681990249548 11.716666666666667 8.25
    endloop
  endfacet
  facet normal 0 0 1
    outer loop
      vertex 82.99320827736176 8.466666666666667 8.25
      vertex 87.34382738894831 8.466666666666667 8.25
      vertex 89.2202157638146 11.716666666666667 8.25
    endloop
  endfacet
  facet normal 0 0 1
    outer loop
      vertex 81.11681990249548 5.216666666666667 8.25
      vertex 99.19999999999999 0 8.25
      vertex 89.2202157638146 5.216666666666667 8.25
    endloop
  endfacet
  facet normal 0 0 1
    outer loop
      vertex 89.2202157638146 5.216666666666667 8.25
      vertex 99.19999999999999 0 8.25
      vertex 92.97299251354715 5.216666666666667 8.25
    endloop
  endfacet
  facet normal 0 0 1
    outer loop
      vertex 92.97299251354715 5.216666666666667 8.25
      vertex 99.19999999999999 0 8.25
      vertex 94.84938088841344 8.466666666666667 8.25
    endloop
  endfacet
  facet normal 0 0 1
    outer loop
      vertex 92.97299251354715 11.716666666666667 8.25
      vertex 94.84938088841344 8.466666666666667 8.25
      vertex 99.19999999999999 16.933333333333334 8.25
    endloop
  endfacet
  facet normal 1 0 0
    outer loop
      vertex 99.19999999999999 0 8.25
      vertex 99.19999999999999 7.55 3.9
      vertex 99.19999999999999 16.933333333333334 8.25
    endloop
  endfacet
  facet normal 0 0 1
    outer loop
      vertex 99.19999999999999 0 8.25
      vertex 99.19999999999999 16.933333333333334 8.25
      vertex 94.84938088841344 8.466666666666667 8.25
    endloop
  endfacet
  facet normal 0 0 -1
    outer loop
      vertex 65.50787054171123 11.716666666666667 0.25
      vertex 99.19999999999999 16.933333333333334 0.25
      vertex 69.26064729144379 11.716666666666667 0.25
    endloop
  endfacet
  facet normal 0 0 -1
    outer loop
      vertex 69.26064729144379 11.716666666666667 0.25
      vertex 99.19999999999999 16.933333333333334 0.25
      vertex 77.36404315276292 11.716666666666667 0.25
    endloop
  endfacet
  facet normal 0 0 -1
    outer loop
      vertex 77.36404315276292 11.716666666666667 0.25
      vertex 99.19999999999999 16.933333333333334 0.25
      vertex 81.11681990249548 11.716666666666667 0.25
    endloop
  endfacet
  facet normal 0 0 -1
    outer loop
      vertex 81.11681990249548 11.716666666666667 0.25
      vertex 99.19999999999999 16.933333333333334 0.25
      vertex 89.2202157638146 11.716666666666667 0.25
    endloop
  endfacet
  facet normal 0 0 -1
    outer loop
      vertex 89.2202157638146 11.716666666666667 0.25
      vertex 99.19999999999999 16.933333333333334 0.25
      vertex 92.97299251354715 11.716666666666667 0.25
    endloop
  endfacet
  facet normal 1 0 0
    outer loop
      vertex 99.19999999999999 16.933333333333334 8.25
      vertex 99.19999999999999 7.55 3.9
      vertex 99.19999999999999 16.933333333333334 3.9
    endloop
  endfacet
  facet normal 0 0 1
    outer loop
      vertex 65.50787054171123 11.716666666666667 8.25
      vertex 69.26064729144379 11.716666666666667 8.25
      vertex 99.19999999999999 16.933333333333334 8.25
    endloop
  endfacet
  facet normal 0 0 1
    outer loop
      vertex 69.26064729144379 11.716666666666667 8.25
      vertex 77.36404315276292 11.716666666666667 8.25
      vertex 99.19999999999999 16.933333333333334 8.25
    endloop
  endfacet
  facet normal 0 0 1
    outer loop
      vertex 77.36404315276292 11.716666666666667 8.25
      vertex 81.11681990249548 11.716666666666667 8.25
      vertex 99.19999999999999 16.933333333333334 8.25
    endloop
  endfacet
  facet normal 0 0 1
    outer loop
      vertex 81.11681990249548 11.716666666666667 8.25
      vertex 89.2202157638146 11.716666666666667 8.25
      vertex 99.19999999999999 16.933333333333334 8.25
    endloop
  endfacet
  facet normal 0 0 1
    outer loop
      vertex 89.2202157638146 11.716666666666667 8.25
      vertex 92.97299251354715 11.716666666666667 8.25
      vertex 99.19999999999999 16.933333333333334 8.25
    endloop
  endfacet
  facet normal -1 0 0
    outer loop
      vertex 0 16.933333333333334 8.25
      vertex 0 17.35 3.9
      vertex 0 16.933333333333334 3.9
    endloop
  endfacet
  facet normal -1 0 0
    outer loop
      vertex 0 33.86666666666667 16.25
      vertex 0 17.35 0.24999999999999997
      vertex 0 17.35 3.9
    endloop
  endfacet
  facet normal -1 0 0
    outer loop
      vertex 0 16.933333333333334 8.25
      vertex 0 33.86666666666667 16.25
      vertex 0 17.35 3.9
    endloop
  endfacet
  facet normal 1.1370832590918911e-17 -6.661338147750919e-17 -1
    outer loop
      vertex 0 17.35 0.24999999999999997
      vertex 99.19999999999999 33.86666666666667 0.25
      vertex 0 16.933333333333334 0.25
    endloop
  endfacet
  facet normal -1 0 0
    outer loop
      vertex 0 16.933333333333334 8.25
      vertex 0 16.933333333333334 16.25
      vertex 0 33.86666666666667 16.25
    endloop
  endfacet
  facet normal 0 0 1
    outer loop
      vertex 0 16.933333333333334 16.25
      vertex 4.350619111586545 25.4 16.25
      vertex 0 33.86666666666667 16.25
    endloop
  endfacet
  facet normal 0 0 1
    outer loop
      vertex 0 16.933333333333334 16.25
      vertex 9.979784236185397 22.15 16.25
      vertex 6.227007486452829 22.15 16.25
    endloop
  endfacet
  facet normal 0 0 1
    outer loop
      vertex 0 16.933333333333334 16.25
      vertex 6.227007486452829 22.15 16.25
      vertex 4.350619111586545 25.4 16.25
    endloop
  endfacet
  facet normal 0 0 1
    outer loop
      vertex 0 16.933333333333334 16.25
      vertex 18.083180097504506 22.15 16.25
      vertex 9.979784236185397 22.15 16.25
    endloop
  endfacet
  facet normal 0 0 1
    outer loop
      vertex 0 16.933333333333334 16.25
      vertex 21.835956847237075 22.15 16.25
      vertex 18.083180097504506 22.15 16.25
    endloop
  endfacet
  facet normal 0 0 1
    outer loop
      vertex 9.979784236185397 22.15 16.25
      vertex 16.206791722638222 25.4 16.25
      vertex 11.85617261105168 25.4 16.25
    endloop
  endfacet
  facet normal 0 0 1
    outer loop
      vertex 9.979784236185397 22.15 16.25
      vertex 18.083180097504506 22.15 16.25
      vertex 16.206791722638222 25.4 16.25
    endloop
  endfacet
  facet normal 0 0 1
    outer loop
      vertex 0 16.933333333333334 16.25
      vertex 29.93935270855619 22.15 16.25
      vertex 21.835956847237075 22.15 16.25
    endloop
  endfacet
  facet normal 0 0 1
    outer loop
      vertex 0 16.933333333333334 16.25
      vertex 33.692129458288754 22.15 16.25
      vertex 29.93935270855619 22.15 16.25
    endloop
  endfacet
  facet normal 0 -1 0
    outer loop
      vertex 0 16.933333333333334 8.25
      vertex 99.19999999999999 16.933333333333334 16.25
      vertex 0 16.933333333333334 16.25
    endloop
  endfacet
  facet normal 0 0 1
    outer loop
      vertex 0 16.933333333333334 16.25
      vertex 41.795525319607876 22.15 16.25
      vertex 33.692129458288754 22.15 16.25
    endloop
  endfacet
  facet normal 0 0 1
    outer loop
      vertex 21.835956847237075 22.15 16.25
      vertex 28.062964333689905 25.4 16.25
      vertex 23.71234522210336 25.4 16.25
    endloop
  endfacet
  facet normal 0 0 1
    outer loop
      vertex 21.835956847237075 22.15 16.25
      vertex 29.93935270855619 22.15 16.25
      vertex 28.062964333689905 25.4 16.25
    endloop
  endfacet
  facet normal 0 0 1
    outer loop
      vertex 0 16.933333333333334 16.25
      vertex 99.19999999999999 16.933333333333334 16.25
      vertex 41.795525319607876 22.15 16.25
    endloop
  endfacet
  facet normal 0 0 1
    outer loop
      vertex 33.692129458288754 22.15 16.25
      vertex 41.795525319607876 22.15 16.25
      vertex 39.91913694474159 25.4 16.25
    endloop
  endfacet
  facet normal 0 0 1
    outer loop
      vertex 33.692129458288754 22.15 16.25
      vertex 39.91913694474159 25.4 16.25
      vertex 35.56851783315504 25.4 16.25
    endloop
  endfacet
  facet normal 0 0 1
    outer loop
      vertex 45.54830206934044 22.15 16.25
      vertex 51.775309555793264 25.4 16.25
      vertex 47.424690444206725 25.4 16.25
    endloop
  endfacet
  facet normal -1 0 0
    outer loop
      vertex 0 32.949999999999996 3.9
      vertex 0 32.949999999999996 0.25
      vertex 0 17.35 0.24999999999999997
    endloop
  endfacet
  facet normal -1 0 0
    outer loop
      vertex 0 33.86666666666667 16.25
      vertex 0 32.949999999999996 3.9
      vertex 0 17.35 0.24999999999999997
    endloop
  endfacet
  facet normal -1 0 0
    outer loop
      vertex 0 33.86666666666667 16.25
      vertex 0 33.86666666666667 3.9
      vertex 0 32.949999999999996 3.9
    endloop
  endfacet
  facet normal 2.797941090285173e-19 0 -1
    outer loop
      vertex 0 32.949999999999996 0.24999999999999997
      vertex 99.19999999999999 33.86666666666667 0.25
      vertex 0 17.35 0.24999999999999997
    endloop
  endfacet
  facet normal 0 3.027880976250411e-17 -1
    outer loop
      vertex 0 32.949999999999996 0.24999999999999997
      vertex 0 33.86666666666667 0.25
      vertex 99.19999999999999 33.86666666666667 0.25
    endloop
  endfacet
  facet normal 0 0 1
    outer loop
      vertex 4.350619111586545 25.4 16.25
      vertex 6.227007486452829 28.65 16.25
      vertex 0 33.86666666666667 16.25
    endloop
  endfacet
  facet normal 0 0 1
    outer loop
      vertex 6.227007486452829 28.65 16.25
      vertex 9.979784236185397 28.65 16.25
      vertex 0 33.86666666666667 16.25
    endloop
  endfacet
  facet normal 0 0 1
    outer loop
      vertex 9.979784236185397 28.65 16.25
      vertex 18.083180097504506 28.65 16.25
      vertex 0 33.86666666666667 16.25
    endloop
  endfacet
  facet normal 0 0 1
    outer loop
      vertex 11.85617261105168 25.4 16.25
      vertex 16.206791722638222 25.4 16.25
      vertex 18.083180097504506 28.65 16.25
    endloop
  endfacet
  facet normal 0 0 1
    outer loop
      vertex 11.85617261105168 25.4 16.25
      vertex 18.083180097504506 28.65 16.25
      vertex 9.979784236185397 28.65 16.25
    endloop
  endfacet
  facet normal 0 0 1
    outer loop
      vertex 0 33.86666666666667 16.25
      vertex 18.083180097504506 28.65 16.25
      vertex 21.835956847237075 28.65 16.25
    endloop
  endfacet
  facet normal 0 0 1
    outer loop
      vertex 0 33.86666666666667 16.25
      vertex 21.835956847237075 28.65 16.25
      vertex 29.93935270855619 28.65 16.25
    endloop
  endfacet
  facet normal 0 0 1
    outer loop
      vertex 0 33.86666666666667 16.25
      vertex 29.93935270855619 28.65 16.25
      vertex 33.692129458288754 28.65 16.25
    endloop
  endfacet
  facet normal 0 0 1
    outer loop
      vertex 23.71234522210336 25.4 16.25
      vertex 29.93935270855619 28.65 16.25
      vertex 21.835956847237075 28.65 16.25
    endloop
  endfacet
  facet normal 0 0 1
    outer loop
      vertex 23.71234522210336 25.4 16.25
      vertex 28.062964333689905 25.4 16.25
      vertex 29.93935270855619 28.65 16.25
    endloop
  endfacet
  facet normal 0 0 1
    outer loop
      vertex 0 33.86666666666667 16.25
      vertex 33.692129458288754 28.65 16.25
      vertex 41.795525319607876 28.65 16.25
    endloop
  endfacet
  facet normal 0 0 1
    outer loop
      vertex 35.56851783315504 25.4 16.25
      vertex 39.91913694474159 25.4 16.25
      vertex 41.795525319607876 28.65 16.25
    endloop
  endfacet
  facet normal 0 0 1
    outer loop
      vertex 35.56851783315504 25.4 16.25
      vertex 41.795525319607876 28.65 16.25
      vertex 33.692129458288754 28.65 16.25
    endloop
  endfacet
  facet normal 0 0 1
    outer loop
      vertex 47.424690444206725 25.4 16.25
      vertex 53.65169793065955 28.65 16.25
      vertex 45.54830206934044 28.65 16.25
    endloop
  endfacet
  facet normal 0 0 1
    outer loop
      vertex 0 33.86666666666667 16.25
      vertex 41.795525319607876 28.65 16.25
      vertex 99.19999999999999 33.86666666666667 16.25
    endloop
  endfacet
  facet normal 0 0 -1
    outer loop
      vertex 99.19999999999999 17.35 0.25
      vertex 99.19999999999999 16.933333333333334 0.25
      vertex 0 16.933333333333334 0.25
    endloop
  endfacet
  facet normal 0 0 -1
    outer loop
      vertex 99.19999999999999 17.35 0.25
      vertex 0 16.933333333333334 0.25
      vertex 99.19999999999999 32.949999999999996 0.25
    endloop
  endfacet
  facet normal 0 -1 0
    outer loop
      vertex 0 16.933333333333334 8.25
      vertex 99.19999999999999 16.933333333333334 8.25
      vertex 99.19999999999999 16.933333333333334 16.25
    endloop
  endfacet
  facet normal 1 0 0
    outer loop
      vertex 99.19999999999999 16.933333333333334 8.25
      vertex 99.19999999999999 16.933333333333334 3.9
      vertex 99.19999999999999 17.35 3.9
    endloop
  endfacet
  facet normal 1 0 0
    outer loop
      vertex 99.19999999999999 17.35 3.9
      vertex 99.19999999999999 17.35 0.25
      vertex 99.19999999999999 32.949999999999996 0.25
    endloop
  endfacet
  facet normal 1 0 0
    outer loop
      vertex 99.19999999999999 16.933333333333334 8.25
      vertex 99.19999999999999 17.35 3.9
      vertex 99.19999999999999 32.949999999999996 0.25
    endloop
  endfacet
  facet normal 1 0 0
    outer loop
      vertex 99.19999999999999 16.933333333333334 8.25
      vertex 99.19999999999999 32.949999999999996 0.25
      vertex 99.19999999999999 16.933333333333334 16.25
    endloop
  endfacet
  facet normal 0 0 1
    outer loop
      vertex 45.54830206934044 22.15 16.25
      vertex 53.65169793065955 22.15 16.25
      vertex 51.775309555793264 25.4 16.25
    endloop
  endfacet
  facet normal 0 0 1
    outer loop
      vertex 41.795525319607876 22.15 16.25
      vertex 99.19999999999999 16.933333333333334 16.25
      vertex 45.54830206934044 22.15 16.25
    endloop
  endfacet
  facet normal 0 0 1
    outer loop
      vertex 57.40447468039211 22.15 16.25
      vertex 65.50787054171123 22.15 16.25
      vertex 63.63148216684494 25.4 16.25
    endloop
  endfacet
  facet normal 0 0 1
    outer loop
      vertex 57.40447468039211 22.15 16.25
      vertex 63.63148216684494 25.4 16.25
      vertex 59.2808630552584 25.4 16.25
    endloop
  endfacet
  facet normal 0 0 1
    outer loop
      vertex 45.54830206934044 22.15 16.25
      vertex 99.19999999999999 16.933333333333334 16.25
      vertex 53.65169793065955 22.15 16.25
    endloop
  endfacet
  facet normal 0 0 1
    outer loop
      vertex 53.65169793065955 22.15 16.25
      vertex 99.19999999999999 16.933333333333334 16.25
      vertex 57.40447468039211 22.15 16.25
    endloop
  endfacet
  facet normal 0 0 1
    outer loop
      vertex 57.40447468039211 22.15 16.25
      vertex 99.19999999999999 16.933333333333334 16.25
      vertex 65.50787054171123 22.15 16.25
    endloop
  endfacet
  facet normal 0 0 1
    outer loop
      vertex 69.26064729144379 22.15 16.25
      vertex 75.48765477789664 25.4 16.25
      vertex 71.13703566631007 25.4 16.25
    endloop
  endfacet
  facet normal 0 0 1
    outer loop
      vertex 69.26064729144379 22.15 16.25
      vertex 77.36404315276292 22.15 16.25
      vertex 75.48765477789664 25.4 16.25
    endloop
  endfacet
  facet normal 0 0 1
    outer loop
      vertex 65.50787054171123 22.15 16.25
      vertex 99.19999999999999 16.933333333333334 16.25
      vertex 69.26064729144379 22.15 16.25
    endloop
  endfacet
  facet normal 0 0 1
    outer loop
      vertex 69.26064729144379 22.15 16.25
      vertex 99.19999999999999 16.933333333333334 16.25
      vertex 77.36404315276292 22.15 16.25
    endloop
  endfacet
  facet normal 0 0 1
    outer loop
      vertex 77.36404315276292 22.15 16.25
      vertex 99.19999999999999 16.933333333333334 16.25
      vertex 81.11681990249548 22.15 16.25
    endloop
  endfacet
  facet normal 0 0 1
    outer loop
      vertex 81.11681990249548 22.15 16.25
      vertex 89.2202157638146 22.15 16.25
      vertex 87.34382738894831 25.4 16.25
    endloop
  endfacet
  facet normal 0 0 1
    outer loop
      vertex 81.11681990249548 22.15 16.25
      vertex 87.34382738894831 25.4 16.25
      vertex 82.99320827736176 25.4 16.25
    endloop
  endfacet
  facet normal 0 0 1
    outer loop
      vertex 81.11681990249548 22.15 16.25
      vertex 99.19999999999999 16.933333333333334 16.25
      vertex 89.2202157638146 22.15 16.25
    endloop
  endfacet
  facet normal 0 0 1
    outer loop
      vertex 99.19999999999999 16.933333333333334 16.25
      vertex 92.97299251354715 22.15 16.25
      vertex 89.2202157638146 22.15 16.25
    endloop
  endfacet
  facet normal 0 0 1
    outer loop
      vertex 99.19999999999999 16.933333333333334 16.25
      vertex 94.84938088841344 25.4 16.25
      vertex 92.97299251354715 22.15 16.25
    endloop
  endfacet
  facet normal 0 0 1
    outer loop
      vertex 99.19999999999999 16.933333333333334 16.25
      vertex 99.19999999999999 33.86666666666667 16.25
      vertex 94.84938088841344 25.4 16.25
    endloop
  endfacet
  facet normal 0 0 -1
    outer loop
      vertex 0 16.933333333333334 0.25
      vertex 99.19999999999999 33.86666666666667 0.25
      vertex 99.19999999999999 32.949999999999996 0.25
    endloop
  endfacet
  facet normal 1 0 0
    outer loop
      vertex 99.19999999999999 16.933333333333334 16.25
      vertex 99.19999999999999 32.949999999999996 0.25
      vertex 99.19999999999999 32.949999999999996 3.9
    endloop
  endfacet
  facet normal 1 0 0
    outer loop
      vertex 99.19999999999999 33.86666666666667 16.25
      vertex 99.19999999999999 32.949999999999996 3.9
      vertex 99.19999999999999 33.86666666666667 3.9
    endloop
  endfacet
  facet normal 0 0 1
    outer loop
      vertex 47.424690444206725 25.4 16.25
      vertex 51.775309555793264 25.4 16.25
      vertex 53.65169793065955 28.65 16.25
    endloop
  endfacet
  facet normal 0 0 1
    outer loop
      vertex 59.2808630552584 25.4 16.25
      vertex 63.63148216684494 25.4 16.25
      vertex 65.50787054171123 28.65 16.25
    endloop
  endfacet
  facet normal 0 0 1
    outer loop
      vertex 59.2808630552584 25.4 16.25
      vertex 65.50787054171123 28.65 16.25
      vertex 57.40447468039211 28.65 16.25
    endloop
  endfacet
  facet normal 0 0 1
    outer loop
      vertex 41.795525319607876 28.65 16.25
      vertex 45.54830206934044 28.65 16.25
      vertex 99.19999999999999 33.86666666666667 16.25
    endloop
  endfacet
  facet normal 0 0 1
    outer loop
      vertex 45.54830206934044 28.65 16.25
      vertex 53.65169793065955 28.65 16.25
      vertex 99.19999999999999 33.86666666666667 16.25
    endloop
  endfacet
  facet normal 0 0 1
    outer loop
      vertex 71.13703566631007 25.4 16.25
      vertex 77.36404315276292 28.65 16.25
      vertex 69.26064729144379 28.65 16.25
    endloop
  endfacet
  facet normal 0 0 1
    outer loop
      vertex 71.13703566631007 25.4 16.25
      vertex 75.48765477789664 25.4 16.25
      vertex 77.36404315276292 28.65 16.25
    endloop
  endfacet
  facet normal 0 0 1
    outer loop
      vertex 53.65169793065955 28.65 16.25
      vertex 57.40447468039211 28.65 16.25
      vertex 99.19999999999999 33.86666666666667 16.25
    endloop
  endfacet
  facet normal 0 0 1
    outer loop
      vertex 57.40447468039211 28.65 16.25
      vertex 65.50787054171123 28.65 16.25
      vertex 99.19999999999999 33.86666666666667 16.25
    endloop
  endfacet
  facet normal 0 0 1
    outer loop
      vertex 65.50787054171123 28.65 16.25
      vertex 69.26064729144379 28.65 16.25
      vertex 99.19999999999999 33.86666666666667 16.25
    endloop
  endfacet
  facet normal 0 0 1
    outer loop
      vertex 69.26064729144379 28.65 16.25
      vertex 77.36404315276292 28.65 16.25
      vertex 99.19999999999999 33.86666666666667 16.25
    endloop
  endfacet
  facet normal 0 0 1
    outer loop
      vertex 82.99320827736176 25.4 16.25
      vertex 89.2202157638146 28.65 16.25
      vertex 81.11681990249548 28.65 16.25
    endloop
  endfacet
  facet normal 0 0 1
    outer loop
      vertex 82.99320827736176 25.4 16.25
      vertex 87.34382738894831 25.4 16.25
      vertex 89.2202157638146 28.65 16.25
    endloop
  endfacet
  facet normal 0 0 1
    outer loop
      vertex 77.36404315276292 28.65 16.25
      vertex 81.11681990249548 28.65 16.25
      vertex 99.19999999999999 33.86666666666667 16.25
    endloop
  endfacet
  facet normal 1 0 0
    outer loop
      vertex 99.19999999999999 16.933333333333334 16.25
      vertex 99.19999999999999 32.949999999999996 3.9
      vertex 99.19999999999999 33.86666666666667 16.25
    endloop
  endfacet
  facet normal 0 0 1
    outer loop
      vertex 81.11681990249548 28.65 16.25
      vertex 89.2202157638146 28.65 16.25
      vertex 99.19999999999999 33.86666666666667 16.25
    endloop
  endfacet
  facet normal 0 0 1
    outer loop
      vertex 92.97299251354715 28.65 16.25
      vertex 94.84938088841344 25.4 16.25
      vertex 99.19999999999999 33.86666666666667 16.25
    endloop
  endfacet
  facet normal 0 0 1
    outer loop
      vertex 89.2202157638146 28.65 16.25
      vertex 92.97299251354715 28.65 16.25
      vertex 99.19999999999999 33.86666666666667 16.25
    endloop
  endfacet
  facet normal -1 0 0
    outer loop
      vertex 0 33.86666666666667 16.25
      vertex 0 42.75 3.9
      vertex 0 33.86666666666667 3.9
    endloop
  endfacet
  facet normal -1 0 0
    outer loop
      vertex 0 50.8 0.25
      vertex 0 42.75 0.24999999999999997
      vertex 0 42.75 3.9
    endloop
  endfacet
  facet normal -1 0 0
    outer loop
      vertex 0 50.8 0.25
      vertex 0 42.75 3.9
      vertex 0 50.8 24.25
    endloop
  endfacet
  facet normal 5.333411158967608e-19 -3.124455041158977e-18 -1
    outer loop
      vertex 99.19999999999999 50.8 0.25
      vertex 0 33.86666666666667 0.25
      vertex 0 42.75 0.24999999999999997
    endloop
  endfacet
  facet normal 0 3.4478975920035932e-18 -1
    outer loop
      vertex 0 50.8 0.25
      vertex 99.19999999999999 50.8 0.25
      vertex 0 42.75 0.24999999999999997
    endloop
  endfacet
  facet normal 0 1 0
    outer loop
      vertex 0 50.8 0.25
      vertex 0 50.8 24.25
      vertex 99.19999999999999 50.8 0.25
    endloop
  endfacet
  facet normal 0 0 1
    outer loop
      vertex 0 33.86666666666667 24.25
      vertex 9.979784236185397 39.083333333333336 24.25
      vertex 6.227007486452829 39.083333333333336 24.25
    endloop
  endfacet
  facet normal 0 0 1
    outer loop
      vertex 0 33.86666666666667 24.25
      vertex 18.083180097504506 39.083333333333336 24.25
      vertex 9.979784236185397 39.083333333333336 24.25
    endloop
  endfacet
  facet normal 0 0 1
    outer loop
      vertex 0 33.86666666666667 24.25
      vertex 21.835956847237075 39.083333333333336 24.25
      vertex 18.083180097504506 39.083333333333336 24.25
    endloop
  endfacet
  facet normal 0 0 1
    outer loop
      vertex 0 33.86666666666667 24.25
      vertex 29.93935270855619 39.083333333333336 24.25
      vertex 21.835956847237075 39.083333333333336 24.25
    endloop
  endfacet
  facet normal 0 0 1
    outer loop
      vertex 0 33.86666666666667 24.25
      vertex 33.692129458288754 39.083333333333336 24.25
      vertex 29.93935270855619 39.083333333333336 24.25
    endloop
  endfacet
  facet normal -1 0 0
    outer loop
      vertex 0 33.86666666666667 16.25
      vertex 0 50.8 24.25
      vertex 0 42.75 3.9
    endloop
  endfacet
  facet normal -1 0 0
    outer loop
      vertex 0 33.86666666666667 16.25
      vertex 0 33.86666666666667 24.25
      vertex 0 50.8 24.25
    endloop
  endfacet
  facet normal 0 0 1
    outer loop
      vertex 0 33.86666666666667 24.25
      vertex 4.350619111586545 42.333333333333336 24.25
      vertex 0 50.8 24.25
    endloop
  endfacet
  facet normal 0 0 1
    outer loop
      vertex 0 33.86666666666667 24.25
      vertex 6.227007486452829 39.083333333333336 24.25
      vertex 4.350619111586545 42.333333333333336 24.25
    endloop
  endfacet
  facet normal 0 0 1
    outer loop
      vertex 4.350619111586545 42.333333333333336 24.25
      vertex 6.227007486452829 45.583333333333336 24.25
      vertex 0 50.8 24.25
    endloop
  endfacet
  facet normal 0 0 1
    outer loop
      vertex 0 50.8 24.25
      vertex 6.227007486452829 45.583333333333336 24.25
      vertex 9.979784236185397 45.583333333333336 24.25
    endloop
  endfacet
  facet normal 0 0 1
    outer loop
      vertex 0 50.8 24.25
      vertex 9.979784236185397 45.583333333333336 24.25
      vertex 18.083180097504506 45.583333333333336 24.25
    endloop
  endfacet
  facet normal 0 0 1
    outer loop
      vertex 9.979784236185397 39.083333333333336 24.25
      vertex 16.206791722638222 42.333333333333336 24.25
      vertex 11.85617261105168 42.333333333333336 24.25
    endloop
  endfacet
  facet normal 0 0 1
    outer loop
      vertex 9.979784236185397 39.083333333333336 24.25
      vertex 18.083180097504506 39.083333333333336 24.25
      vertex 16.206791722638222 42.333333333333336 24.25
    endloop
  endfacet
  facet normal 0 0 1
    outer loop
      vertex 11.85617261105168 42.333333333333336 24.25
      vertex 16.206791722638222 42.333333333333336 24.25
      vertex 18.083180097504506 45.583333333333336 24.25
    endloop
  endfacet
  facet normal 0 0 1
    outer loop
      vertex 11.85617261105168 42.333333333333336 24.25
      vertex 18.083180097504506 45.583333333333336 24.25
      vertex 9.979784236185397 45.583333333333336 24.25
    endloop
  endfacet
  facet normal 0 0 1
    outer loop
      vertex 0 50.8 24.25
      vertex 18.083180097504506 45.583333333333336 24.25
      vertex 21.835956847237075 45.583333333333336 24.25
    endloop
  endfacet
  facet normal 0 0 1
    outer loop
      vertex 0 50.8 24.25
      vertex 21.835956847237075 45.583333333333336 24.25
      vertex 29.93935270855619 45.583333333333336 24.25
    endloop
  endfacet
  facet normal 0 0 1
    outer loop
      vertex 0 50.8 24.25
      vertex 29.93935270855619 45.583333333333336 24.25
      vertex 33.692129458288754 45.583333333333336 24.25
    endloop
  endfacet
  facet normal 0 -1 0
    outer loop
      vertex 0 33.86666666666667 16.25
      vertex 99.19999999999999 33.86666666666667 16.25
      vertex 0 33.86666666666667 24.25
    endloop
  endfacet
  facet normal 0 0 1
    outer loop
      vertex 0 33.86666666666667 24.25
      vertex 41.795525319607876 39.083333333333336 24.25
      vertex 33.692129458288754 39.083333333333336 24.25
    endloop
  endfacet
  facet normal 0 0 1
    outer loop
      vertex 0 33.86666666666667 24.25
      vertex 99.19999999999999 33.86666666666667 24.25
      vertex 41.795525319607876 39.083333333333336 24.25
    endloop
  endfacet
  facet normal 0 0 1
    outer loop
      vertex 21.835956847237075 39.083333333333336 24.25
      vertex 28.062964333689905 42.333333333333336 24.25
      vertex 23.71234522210336 42.333333333333336 24.25
    endloop
  endfacet
  facet normal 0 0 1
    outer loop
      vertex 21.835956847237075 39.083333333333336 24.25
      vertex 29.93935270855619 39.083333333333336 24.25
      vertex 28.062964333689905 42.333333333333336 24.25
    endloop
  endfacet
  facet normal 0 0 1
    outer loop
      vertex 23.71234522210336 42.333333333333336 24.25
      vertex 28.062964333689905 42.333333333333336 24.25
      vertex 29.93935270855619 45.583333333333336 24.25
    endloop
  endfacet
  facet normal 0 0 1
    outer loop
      vertex 23.71234522210336 42.333333333333336 24.25
      vertex 29.93935270855619 45.583333333333336 24.25
      vertex 21.835956847237075 45.583333333333336 24.25
    endloop
  endfacet
  facet normal 0 0 1
    outer loop
      vertex 0 50.8 24.25
      vertex 33.692129458288754 45.583333333333336 24.25
      vertex 41.795525319607876 45.583333333333336 24.25
    endloop
  endfacet
  facet normal 0 0 1
    outer loop
      vertex 33.692129458288754 39.083333333333336 24.25
      vertex 39.91913694474159 42.333333333333336 24.25
      vertex 35.56851783315504 42.333333333333336 24.25
    endloop
  endfacet
  facet normal 0 0 1
    outer loop
      vertex 33.692129458288754 39.083333333333336 24.25
      vertex 41.795525319607876 39.083333333333336 24.25
      vertex 39.91913694474159 42.333333333333336 24.25
    endloop
  endfacet
  facet normal 0 0 1
    outer loop
      vertex 35.56851783315504 42.333333333333336 24.25
      vertex 39.91913694474159 42.333333333333336 24.25
      vertex 41.795525319607876 45.583333333333336 24.25
    endloop
  endfacet
  facet normal 0 0 1
    outer loop
      vertex 45.54830206934044 39.083333333333336 24.25
      vertex 51.775309555793264 42.333333333333336 24.25
      vertex 47.424690444206725 42.333333333333336 24.25
    endloop
  endfacet
  facet normal 0 0 1
    outer loop
      vertex 35.56851783315504 42.333333333333336 24.25
      vertex 41.795525319607876 45.583333333333336 24.25
      vertex 33.692129458288754 45.583333333333336 24.25
    endloop
  endfacet
  facet normal 0 0 1
    outer loop
      vertex 47.424690444206725 42.333333333333336 24.25
      vertex 53.65169793065955 45.583333333333336 24.25
      vertex 45.54830206934044 45.583333333333336 24.25
    endloop
  endfacet
  facet normal 0 0 1
    outer loop
      vertex 0 50.8 24.25
      vertex 41.795525319607876 45.583333333333336 24.25
      vertex 99.19999999999999 50.8 24.25
    endloop
  endfacet
  facet normal 0 0 -1
    outer loop
      vertex 99.19999999999999 42.75 0.25
      vertex 99.19999999999999 33.86666666666667 0.25
      vertex 0 33.86666666666667 0.25
    endloop
  endfacet
  facet normal 0 0 -1
    outer loop
      vertex 99.19999999999999 50.8 0.25
      vertex 99.19999999999999 42.75 0.25
      vertex 0 33.86666666666667 0.25
    endloop
  endfacet
  facet normal 1 0 0
    outer loop
      vertex 99.19999999999999 33.86666666666667 16.25
      vertex 99.19999999999999 33.86666666666667 3.9
      vertex 99.19999999999999 42.75 3.9
    endloop
  endfacet
  facet normal 1 0 0
    outer loop
      vertex 99.19999999999999 50.8 0.25
      vertex 99.19999999999999 42.75 3.9
      vertex 99.19999999999999 42.75 0.25
    endloop
  endfacet
  facet normal 1 0 0
    outer loop
      vertex 99.19999999999999 50.8 0.25
      vertex 99.19999999999999 33.86666666666667 16.25
      vertex 99.19999999999999 42.75 3.9
    endloop
  endfacet
  facet normal 0 0 1
    outer loop
      vertex 41.795525319607876 39.083333333333336 24.25
      vertex 99.19999999999999 33.86666666666667 24.25
      vertex 45.54830206934044 39.083333333333336 24.25
    endloop
  endfacet
  facet normal 0 -1 0
    outer loop
      vertex 0 33.86666666666667 24.25
      vertex 99.19999999999999 33.86666666666667 16.25
      vertex 99.19999999999999 33.86666666666667 24.25
    endloop
  endfacet
  facet normal 0 0 1
    outer loop
      vertex 45.54830206934044 39.083333333333336 24.25
      vertex 99.19999999999999 33.86666666666667 24.25
      vertex 53.65169793065955 39.083333333333336 24.25
    endloop
  endfacet
  facet normal 0 0 1
    outer loop
      vertex 53.65169793065955 39.083333333333336 24.25
      vertex 99.19999999999999 33.86666666666667 24.25
      vertex 57.40447468039211 39.083333333333336 24.25
    endloop
  endfacet
  facet normal 0 0 1
    outer loop
      vertex 57.40447468039211 39.083333333333336 24.25
      vertex 99.19999999999999 33.86666666666667 24.25
      vertex 65.50787054171123 39.083333333333336 24.25
    endloop
  endfacet
  facet normal 0 1 0
    outer loop
      vertex 0 50.8 24.25
      vertex 99.19999999999999 50.8 24.25
      vertex 99.19999999999999 50.8 0.25
    endloop
  endfacet
  facet normal 0 0 1
    outer loop
      vertex 45.54830206934044 39.083333333333336 24.25
      vertex 53.65169793065955 39.083333333333336 24.25
      vertex 51.775309555793264 42.333333333333336 24.25
    endloop
  endfacet
  facet normal 0 0 1
    outer loop
      vertex 47.424690444206725 42.333333333333336 24.25
      vertex 51.775309555793264 42.333333333333336 24.25
      vertex 53.65169793065955 45.583333333333336 24.25
    endloop
  endfacet
  facet normal 0 0 1
    outer loop
      vertex 57.40447468039211 39.083333333333336 24.25
      vertex 63.63148216684494 42.333333333333336 24.25
      vertex 59.2808630552584 42.333333333333336 24.25
    endloop
  endfacet
  facet normal 0 0 1
    outer loop
      vertex 57.40447468039211 39.083333333333336 24.25
      vertex 65.50787054171123 39.083333333333336 24.25
      vertex 63.63148216684494 42.333333333333336 24.25
    endloop
  endfacet
  facet normal 0 0 1
    outer loop
      vertex 59.2808630552584 42.333333333333336 24.25
      vertex 63.63148216684494 42.333333333333336 24.25
      vertex 65.50787054171123 45.583333333333336 24.25
    endloop
  endfacet
  facet normal 0 0 1
    outer loop
      vertex 59.2808630552584 42.333333333333336 24.25
      vertex 65.50787054171123 45.583333333333336 24.25
      vertex 57.40447468039211 45.583333333333336 24.25
    endloop
  endfacet
  facet normal 0 0 1
    outer loop
      vertex 41.795525319607876 45.583333333333336 24.25
      vertex 45.54830206934044 45.583333333333336 24.25
      vertex 99.19999999999999 50.8 24.25
    endloop
  endfacet
  facet normal 0 0 1
    outer loop
      vertex 69.26064729144379 39.083333333333336 24.25
      vertex 75.48765477789664 42.333333333333336 24.25
      vertex 71.13703566631007 42.333333333333336 24.25
    endloop
  endfacet
  facet normal 0 0 1
    outer loop
      vertex 69.26064729144379 39.083333333333336 24.25
      vertex 77.36404315276292 39.083333333333336 24.25
      vertex 75.48765477789664 42.333333333333336 24.25
    endloop
  endfacet
  facet normal 0 0 1
    outer loop
      vertex 71.13703566631007 42.333333333333336 24.25
      vertex 75.48765477789664 42.333333333333336 24.25
      vertex 77.36404315276292 45.583333333333336 24.25
    endloop
  endfacet
  facet normal 0 0 1
    outer loop
      vertex 45.54830206934044 45.583333333333336 24.25
      vertex 53.65169793065955 45.583333333333336 24.25
      vertex 99.19999999999999 50.8 24.25
    endloop
  endfacet
  facet normal 0 0 1
    outer loop
      vertex 71.13703566631007 42.333333333333336 24.25
      vertex 77.36404315276292 45.583333333333336 24.25
      vertex 69.26064729144379 45.583333333333336 24.25
    endloop
  endfacet
  facet normal 0 0 1
    outer loop
      vertex 53.65169793065955 45.583333333333336 24.25
      vertex 57.40447468039211 45.583333333333336 24.25
      vertex 99.19999999999999 50.8 24.25
    endloop
  endfacet
  facet normal 0 0 1
    outer loop
      vertex 57.40447468039211 45.583333333333336 24.25
      vertex 65.50787054171123 45.583333333333336 24.25
      vertex 99.19999999999999 50.8 24.25
    endloop
  endfacet
  facet normal 0 0 1
    outer loop
      vertex 65.50787054171123 39.083333333333336 24.25
      vertex 99.19999999999999 33.86666666666667 24.25
      vertex 69.26064729144379 39.083333333333336 24.25
    endloop
  endfacet
  facet normal 0 0 1
    outer loop
      vertex 69.26064729144379 39.083333333333336 24.25
      vertex 99.19999999999999 33.86666666666667 24.25
      vertex 77.36404315276292 39.083333333333336 24.25
    endloop
  endfacet
  facet normal 0 0 1
    outer loop
      vertex 99.19999999999999 33.86666666666667 24.25
      vertex 81.11681990249548 39.083333333333336 24.25
      vertex 77.36404315276292 39.083333333333336 24.25
    endloop
  endfacet
  facet normal 0 0 1
    outer loop
      vertex 99.19999999999999 33.86666666666667 24.25
      vertex 89.2202157638146 39.083333333333336 24.25
      vertex 81.11681990249548 39.083333333333336 24.25
    endloop
  endfacet
  facet normal 0 0 1
    outer loop
      vertex 99.19999999999999 33.86666666666667 24.25
      vertex 92.97299251354715 39.083333333333336 24.25
      vertex 89.2202157638146 39.083333333333336 24.25
    endloop
  endfacet
  facet normal 1 0 0
    outer loop
      vertex 99.19999999999999 50.8 0.25
      vertex 99.19999999999999 33.86666666666667 24.25
      vertex 99.19999999999999 33.86666666666667 16.25
    endloop
  endfacet
  facet normal 1 0 0
    outer loop
      vertex 99.19999999999999 50.8 0.25
      vertex 99.19999999999999 50.8 24.25
      vertex 99.19999999999999 33.86666666666667 24.25
    endloop
  endfacet
  facet normal 0 0 1
    outer loop
      vertex 81.11681990249548 39.083333333333336 24.25
      vertex 87.34382738894831 42.333333333333336 24.25
      vertex 82.99320827736176 42.333333333333336 24.25
    endloop
  endfacet
  facet normal 0 0 1
    outer loop
      vertex 81.11681990249548 39.083333333333336 24.25
      vertex 89.2202157638146 39.083333333333336 24.25
      vertex 87.34382738894831 42.333333333333336 24.25
    endloop
  endfacet
  facet normal 0 0 1
    outer loop
      vertex 82.99320827736176 42.333333333333336 24.25
      vertex 87.34382738894831 42.333333333333336 24.25
      vertex 89.2202157638146 45.583333333333336 24.25
    endloop
  endfacet
  facet normal 0 0 1
    outer loop
      vertex 65.50787054171123 45.583333333333336 24.25
      vertex 69.26064729144379 45.583333333333336 24.25
      vertex 99.19999999999999 50.8 24.25
    endloop
  endfacet
  facet normal 0 0 1
    outer loop
      vertex 69.26064729144379 45.583333333333336 24.25
      vertex 77.36404315276292 45.583333333333336 24.25
      vertex 99.19999999999999 50.8 24.25
    endloop
  endfacet
  facet normal 0 0 1
    outer loop
      vertex 82.99320827736176 42.333333333333336 24.25
      vertex 89.2202157638146 45.583333333333336 24.25
      vertex 81.11681990249548 45.583333333333336 24.25
    endloop
  endfacet
  facet normal 0 0 1
    outer loop
      vertex 77.36404315276292 45.583333333333336 24.25
      vertex 81.11681990249548 45.583333333333336 24.25
      vertex 99.19999999999999 50.8 24.25
    endloop
  endfacet
  facet normal 0 0 1
    outer loop
      vertex 99.19999999999999 33.86666666666667 24.25
      vertex 94.84938088841344 42.333333333333336 24.25
      vertex 92.97299251354715 39.083333333333336 24.25
    endloop
  endfacet
  facet normal 0 0 1
    outer loop
      vertex 99.19999999999999 33.86666666666667 24.25
      vertex 99.19999999999999 50.8 24.25
      vertex 94.84938088841344 42.333333333333336 24.25
    endloop
  endfacet
  facet normal 0 0 1
    outer loop
      vertex 81.11681990249548 45.583333333333336 24.25
      vertex 89.2202157638146 45.583333333333336 24.25
      vertex 99.19999999999999 50.8 24.25
    endloop
  endfacet
  facet normal 0 0 1
    outer loop
      vertex 89.2202157638146 45.583333333333336 24.25
      vertex 92.97299251354715 45.583333333333336 24.25
      vertex 99.19999999999999 50.8 24.25
    endloop
  endfacet
  facet normal 0 0 1
    outer loop
      vertex 94.84938088841344 42.333333333333336 24.25
      vertex 99.19999999999999 50.8 24.25
      vertex 92.97299251354715 45.583333333333336 24.25
    endloop
  endfacet
endsolid OpenSCAD_Model
